-- phpMyAdmin SQL Dump
-- version 5.0.1
-- https://www.phpmyadmin.net/
--
-- Host: localhost
-- Generation Time: Mar 27, 2020 at 05:30 PM
-- Server version: 5.7.29-0ubuntu0.16.04.1-log
-- PHP Version: 7.4.4

SET SQL_MODE = "NO_AUTO_VALUE_ON_ZERO";
SET AUTOCOMMIT = 0;
START TRANSACTION;
SET time_zone = "+00:00";


/*!40101 SET @OLD_CHARACTER_SET_CLIENT=@@CHARACTER_SET_CLIENT */;
/*!40101 SET @OLD_CHARACTER_SET_RESULTS=@@CHARACTER_SET_RESULTS */;
/*!40101 SET @OLD_COLLATION_CONNECTION=@@COLLATION_CONNECTION */;
/*!40101 SET NAMES utf8mb4 */;

--
-- Database: `epujcovani`
--
CREATE DATABASE IF NOT EXISTS `epujcovani` DEFAULT CHARACTER SET utf8 COLLATE utf8_czech_ci;
USE `epujcovani`;

-- --------------------------------------------------------

--
-- Table structure for table `cars`
--

DROP TABLE IF EXISTS `cars`;
CREATE TABLE `cars` (
  `car_id` int(10) UNSIGNED NOT NULL,
  `name` varchar(50) COLLATE utf8_czech_ci NOT NULL,
  `day_price` decimal(4,0) NOT NULL,
  `image_name` varchar(30) COLLATE utf8_czech_ci NOT NULL
) ENGINE=InnoDB DEFAULT CHARSET=utf8 COLLATE=utf8_czech_ci;

--
-- RELATIONSHIPS FOR TABLE `cars`:
--

--
-- Dumping data for table `cars`
--

INSERT INTO `cars` (`car_id`, `name`, `day_price`, `image_name`) VALUES
(1, 'Volvo', '6987', 'libero convallis.png'),
(2, 'Acura', '3805', 'orci eget.gif'),
(3, 'GMC', '8437', 'vivamus.jpeg'),
(4, 'Jeep', '3128', 'non sodales.jpeg'),
(5, 'Mercury', '7041', 'justo sollicitudin.jpeg'),
(6, 'Smart', '9566', 'ultrices posuere.jpeg'),
(7, 'Volkswagen', '1687', 'luctus et.tiff'),
(8, 'Chevrolet', '1470', 'in.jpeg'),
(9, 'Infiniti', '9102', 'augue quam.tiff'),
(10, 'Land Rover', '8486', 'turpis nec euismod.png'),
(11, 'Porsche', '4589', 'habitasse platea dictumst.jpeg'),
(12, 'Kia', '7186', 'vestibulum ante.png'),
(13, 'Ford', '9583', 'nulla.tiff'),
(14, 'Dodge', '2983', 'orci vehicula condimentum.png'),
(15, 'Oldsmobile', '5696', 'nunc.tiff'),
(16, 'Aston Martin', '5191', 'consequat morbi.png'),
(17, 'Lamborghini', '9164', 'tincidunt lacus.tiff'),
(18, 'Chrysler', '9184', 'feugiat et.tiff'),
(19, 'Mitsubishi', '3655', 'at.tiff'),
(20, 'Toyota', '5176', 'ridiculus mus.tiff'),
(21, 'Jaguar', '6882', 'tempus vel.tiff'),
(22, 'BMW', '5853', 'justo etiam pretium.tiff'),
(23, 'Mercedes-Benz', '612', 'ipsum.tiff'),
(24, 'Buick', '7166', 'ut.jpeg'),
(25, 'Honda', '8689', 'nisl.png'),
(26, 'Pontiac', '9292', 'curae nulla dapibus.tiff'),
(27, 'Mazda', '9172', 'eu mi nulla.tiff'),
(28, 'Bentley', '7223', 'justo sollicitudin.tiff'),
(29, 'Cadillac', '1715', 'lectus.gif'),
(30, 'Suzuki', '3150', 'pellentesque ultrices.jpeg'),
(31, 'Scion', '3830', 'vel augue vestibulum.jpeg'),
(32, 'Lexus', '1966', 'dis.jpeg'),
(33, 'Maybach', '5740', 'nulla eget.tiff'),
(34, 'Lincoln', '8795', 'interdum eu tincidunt.gif'),
(35, 'Saab', '3562', 'sit.png');

-- --------------------------------------------------------

--
-- Table structure for table `car_rents`
--

DROP TABLE IF EXISTS `car_rents`;
CREATE TABLE `car_rents` (
  `user_id` int(10) UNSIGNED NOT NULL,
  `car_id` int(10) UNSIGNED NOT NULL,
  `from` date NOT NULL,
  `to` date NOT NULL
) ENGINE=InnoDB DEFAULT CHARSET=utf8 COLLATE=utf8_czech_ci;

--
-- RELATIONSHIPS FOR TABLE `car_rents`:
--   `car_id`
--       `cars` -> `car_id`
--   `user_id`
--       `users` -> `user_id`
--

--
-- Dumping data for table `car_rents`
--

INSERT INTO `car_rents` (`user_id`, `car_id`, `from`, `to`) VALUES
(1, 3, '2019-06-26', '2019-06-28'),
(1, 6, '2019-09-24', '2019-10-03'),
(1, 21, '2019-06-03', '2019-06-13'),
(2, 1, '2020-03-08', '2020-03-15'),
(3, 4, '2019-04-30', '2019-05-06'),
(3, 13, '2019-11-25', '2019-12-05'),
(4, 20, '2019-12-21', '2019-12-25'),
(4, 21, '2019-07-20', '2019-07-22'),
(4, 24, '2019-10-17', '2019-10-29'),
(5, 2, '2019-05-18', '2019-05-31'),
(5, 12, '2019-11-04', '2019-11-16'),
(6, 2, '2020-01-05', '2020-01-13'),
(6, 7, '2019-11-08', '2019-11-12'),
(6, 9, '2020-03-21', '2020-03-30'),
(9, 3, '2019-10-30', '2019-11-05'),
(9, 12, '2019-12-29', '2020-01-01'),
(9, 22, '2020-02-27', '2020-03-06'),
(11, 18, '2020-03-25', '2020-03-29'),
(12, 17, '2020-02-20', '2020-02-20'),
(14, 18, '2019-06-19', '2019-06-24'),
(15, 9, '2019-03-28', '2019-04-09'),
(15, 16, '2020-02-16', '2020-02-19'),
(16, 11, '2019-09-11', '2019-09-11'),
(18, 18, '2019-12-27', '2020-01-02'),
(18, 25, '2019-11-09', '2019-11-20'),
(19, 18, '2019-07-03', '2019-07-12'),
(20, 1, '2019-05-18', '2019-05-31'),
(20, 23, '2019-05-07', '2019-05-16'),
(21, 10, '2019-06-23', '2019-06-29'),
(21, 14, '2019-04-12', '2019-04-16'),
(21, 21, '2019-06-08', '2019-06-21'),
(22, 2, '2020-01-21', '2020-01-30'),
(24, 12, '2020-03-15', '2020-03-23'),
(24, 14, '2020-02-01', '2020-02-15'),
(25, 10, '2019-04-28', '2019-04-30'),
(26, 20, '2020-01-03', '2020-01-10'),
(27, 8, '2019-09-20', '2019-09-24'),
(27, 12, '2019-04-09', '2019-04-20'),
(28, 18, '2019-12-02', '2019-12-16'),
(30, 12, '2019-10-19', '2019-10-26'),
(32, 23, '2019-07-10', '2019-07-19'),
(34, 6, '2019-11-04', '2019-11-11'),
(37, 15, '2019-09-07', '2019-09-16'),
(39, 11, '2020-01-14', '2020-01-24'),
(39, 17, '2019-06-29', '2019-07-08'),
(39, 24, '2019-05-27', '2019-06-10'),
(40, 2, '2019-06-03', '2019-06-05'),
(40, 20, '2019-12-25', '2020-01-02'),
(40, 24, '2019-09-08', '2019-09-14'),
(41, 11, '2020-03-23', '2020-03-29'),
(42, 6, '2019-07-14', '2019-07-25'),
(43, 13, '2020-03-14', '2020-03-22'),
(44, 6, '2019-12-06', '2019-12-13'),
(46, 11, '2019-04-10', '2019-04-22'),
(46, 24, '2019-05-31', '2019-06-11'),
(47, 14, '2020-03-18', '2020-03-22'),
(47, 22, '2019-12-29', '2020-01-11'),
(48, 16, '2019-03-30', '2019-04-10'),
(48, 25, '2019-09-29', '2019-10-13'),
(51, 19, '2019-07-25', '2019-08-06'),
(52, 5, '2019-05-10', '2019-05-24'),
(52, 7, '2019-11-25', '2019-12-04'),
(52, 24, '2020-01-08', '2020-01-22'),
(54, 3, '2019-07-28', '2019-07-30'),
(55, 1, '2019-10-02', '2019-10-09'),
(55, 2, '2019-05-29', '2019-05-31'),
(56, 10, '2019-09-18', '2019-09-19'),
(58, 9, '2019-11-11', '2019-11-25'),
(58, 13, '2020-01-31', '2020-02-08'),
(61, 20, '2019-07-22', '2019-08-04'),
(62, 18, '2019-08-21', '2019-09-04'),
(63, 19, '2020-01-22', '2020-01-24'),
(64, 13, '2020-02-01', '2020-02-10'),
(65, 6, '2019-11-18', '2019-11-30'),
(65, 14, '2019-04-20', '2019-04-22'),
(65, 17, '2020-02-03', '2020-02-05'),
(67, 4, '2019-09-15', '2019-09-17'),
(67, 13, '2019-10-03', '2019-10-07'),
(69, 19, '2020-03-04', '2020-03-18'),
(71, 21, '2019-11-07', '2019-11-09'),
(71, 23, '2019-04-24', '2019-05-05'),
(78, 21, '2019-07-25', '2019-07-30'),
(83, 9, '2019-09-06', '2019-09-13'),
(89, 15, '2019-09-27', '2019-10-01'),
(89, 19, '2019-11-02', '2019-11-15'),
(89, 23, '2019-07-06', '2019-07-18'),
(90, 11, '2019-06-19', '2019-06-22'),
(92, 14, '2019-03-31', '2019-04-10'),
(93, 18, '2019-12-01', '2019-12-13'),
(93, 22, '2019-06-01', '2019-06-02'),
(94, 15, '2019-11-16', '2019-11-28'),
(96, 15, '2019-07-17', '2019-07-31'),
(97, 15, '2020-02-20', '2020-02-25'),
(100, 13, '2019-04-04', '2019-04-15'),
(100, 24, '2019-04-06', '2019-04-19'),
(102, 7, '2019-05-24', '2019-05-25'),
(102, 10, '2019-11-11', '2019-11-20'),
(104, 6, '2019-11-06', '2019-11-20'),
(106, 3, '2019-12-03', '2019-12-17'),
(107, 2, '2019-09-18', '2019-10-01'),
(107, 25, '2019-09-11', '2019-09-22'),
(108, 8, '2019-07-18', '2019-07-31'),
(112, 9, '2019-10-05', '2019-10-09'),
(117, 22, '2019-11-26', '2019-12-03'),
(117, 25, '2020-01-09', '2020-01-19'),
(118, 20, '2019-04-15', '2019-04-15'),
(119, 10, '2019-10-20', '2019-10-21'),
(121, 11, '2019-09-09', '2019-09-12'),
(121, 12, '2019-03-27', '2019-04-08'),
(121, 17, '2019-07-27', '2019-08-05'),
(122, 5, '2019-04-09', '2019-04-17'),
(122, 19, '2020-01-09', '2020-01-20'),
(123, 19, '2019-11-08', '2019-11-10'),
(124, 4, '2019-10-11', '2019-10-14'),
(125, 1, '2020-01-16', '2020-01-28'),
(125, 18, '2019-09-05', '2019-09-13'),
(125, 23, '2019-05-09', '2019-05-13'),
(126, 25, '2019-11-13', '2019-11-23'),
(127, 1, '2020-01-15', '2020-01-24'),
(127, 4, '2019-07-20', '2019-07-22'),
(127, 7, '2020-01-13', '2020-01-24'),
(128, 23, '2019-07-08', '2019-07-11'),
(130, 1, '2019-07-30', '2019-08-12'),
(132, 3, '2020-03-14', '2020-03-24'),
(132, 16, '2019-09-25', '2019-10-07'),
(134, 5, '2019-07-14', '2019-07-17'),
(134, 25, '2019-07-15', '2019-07-20'),
(136, 20, '2019-04-06', '2019-04-07'),
(136, 23, '2019-11-15', '2019-11-21'),
(138, 16, '2020-01-30', '2020-02-10'),
(139, 20, '2019-07-18', '2019-07-28'),
(140, 2, '2019-08-16', '2019-08-19'),
(140, 15, '2019-08-21', '2019-09-03'),
(141, 24, '2019-06-17', '2019-06-28'),
(142, 23, '2019-12-15', '2019-12-17'),
(143, 13, '2019-04-07', '2019-04-13'),
(143, 16, '2019-08-12', '2019-08-20'),
(144, 6, '2020-02-06', '2020-02-14'),
(144, 10, '2019-04-22', '2019-04-23'),
(147, 9, '2019-06-05', '2019-06-14'),
(148, 12, '2020-01-18', '2020-02-01'),
(148, 20, '2019-12-20', '2020-01-03'),
(150, 1, '2019-09-26', '2019-09-27'),
(150, 8, '2019-07-01', '2019-07-03'),
(150, 19, '2019-05-13', '2019-05-20'),
(151, 24, '2019-07-16', '2019-07-18'),
(154, 24, '2019-06-03', '2019-06-05'),
(155, 7, '2019-06-24', '2019-06-26'),
(157, 8, '2019-08-19', '2019-08-22'),
(158, 6, '2020-03-23', '2020-04-03'),
(158, 9, '2019-03-31', '2019-04-01'),
(158, 23, '2019-06-04', '2019-06-07'),
(160, 8, '2019-08-22', '2019-08-30'),
(162, 16, '2019-11-16', '2019-11-18'),
(164, 17, '2020-01-16', '2020-01-17'),
(165, 2, '2019-04-02', '2019-04-15'),
(165, 6, '2019-06-24', '2019-06-27'),
(165, 10, '2019-09-03', '2019-09-09'),
(171, 13, '2020-03-05', '2020-03-11'),
(172, 2, '2019-10-21', '2019-11-02'),
(172, 16, '2019-11-12', '2019-11-26'),
(172, 19, '2019-09-08', '2019-09-14'),
(172, 20, '2020-01-22', '2020-02-04'),
(174, 9, '2019-06-27', '2019-07-04'),
(175, 19, '2019-09-02', '2019-09-13'),
(176, 18, '2019-05-27', '2019-05-29'),
(178, 5, '2019-10-04', '2019-10-09'),
(179, 15, '2019-09-21', '2019-09-27'),
(181, 20, '2019-12-14', '2019-12-26'),
(184, 2, '2020-01-27', '2020-01-29'),
(189, 2, '2019-04-02', '2019-04-03'),
(189, 6, '2020-02-10', '2020-02-23'),
(189, 16, '2020-02-11', '2020-02-15'),
(190, 20, '2020-02-28', '2020-03-08'),
(192, 19, '2020-03-22', '2020-03-25'),
(194, 7, '2019-11-17', '2019-11-17'),
(194, 22, '2019-04-14', '2019-04-23'),
(197, 2, '2020-01-02', '2020-01-15'),
(198, 4, '2019-06-27', '2019-07-07'),
(199, 11, '2020-03-23', '2020-04-05'),
(199, 20, '2019-07-25', '2019-07-29'),
(200, 9, '2020-03-03', '2020-03-11'),
(200, 14, '2020-01-21', '2020-01-22'),
(201, 17, '2020-03-20', '2020-03-28'),
(202, 7, '2019-10-11', '2019-10-21'),
(203, 24, '2019-05-09', '2019-05-19'),
(204, 6, '2019-07-22', '2019-07-28'),
(206, 12, '2019-05-13', '2019-05-24'),
(207, 1, '2020-01-29', '2020-02-10'),
(209, 25, '2019-06-26', '2019-07-08'),
(210, 1, '2020-02-04', '2020-02-15'),
(210, 17, '2019-05-21', '2019-05-23'),
(211, 15, '2019-12-29', '2020-01-04'),
(212, 16, '2019-04-11', '2019-04-20'),
(213, 7, '2019-11-23', '2019-12-04'),
(213, 22, '2019-05-27', '2019-06-09'),
(214, 14, '2019-08-03', '2019-08-03'),
(214, 18, '2019-10-11', '2019-10-16'),
(214, 25, '2019-06-11', '2019-06-25'),
(215, 11, '2020-03-15', '2020-03-26'),
(215, 20, '2019-12-12', '2019-12-14'),
(216, 9, '2019-10-19', '2019-10-22'),
(218, 4, '2019-05-02', '2019-05-12'),
(220, 11, '2019-12-02', '2019-12-15'),
(222, 6, '2020-03-07', '2020-03-15'),
(222, 15, '2019-12-16', '2019-12-27'),
(222, 20, '2019-12-10', '2019-12-12'),
(224, 19, '2019-07-18', '2019-07-24'),
(225, 16, '2019-10-29', '2019-11-08'),
(226, 14, '2020-01-07', '2020-01-11'),
(227, 9, '2019-07-09', '2019-07-11'),
(228, 2, '2019-06-21', '2019-07-05'),
(229, 11, '2020-03-08', '2020-03-14'),
(229, 20, '2020-02-28', '2020-03-02'),
(230, 8, '2020-01-26', '2020-02-03'),
(230, 14, '2019-11-01', '2019-11-05'),
(231, 15, '2019-11-21', '2019-12-02'),
(232, 1, '2019-10-06', '2019-10-18'),
(232, 19, '2019-12-05', '2019-12-16'),
(232, 22, '2019-12-17', '2019-12-25'),
(237, 3, '2019-09-27', '2019-10-01'),
(239, 14, '2019-04-30', '2019-05-10'),
(242, 5, '2020-03-23', '2020-04-03'),
(243, 12, '2019-09-24', '2019-10-02'),
(243, 20, '2020-02-09', '2020-02-15'),
(244, 22, '2019-08-06', '2019-08-11'),
(245, 25, '2019-12-08', '2019-12-14'),
(246, 8, '2019-04-05', '2019-04-05'),
(247, 22, '2019-08-26', '2019-08-27'),
(247, 24, '2019-05-01', '2019-05-15'),
(248, 20, '2020-03-12', '2020-03-26'),
(252, 17, '2019-11-16', '2019-11-26'),
(253, 25, '2019-09-27', '2019-10-07'),
(254, 17, '2019-08-20', '2019-08-25'),
(255, 20, '2020-03-15', '2020-03-23'),
(256, 11, '2019-05-23', '2019-06-03'),
(256, 19, '2019-12-15', '2019-12-18'),
(257, 8, '2019-09-08', '2019-09-17'),
(257, 16, '2020-03-01', '2020-03-08'),
(258, 14, '2020-01-15', '2020-01-24'),
(258, 20, '2019-10-27', '2019-11-06'),
(259, 4, '2019-11-17', '2019-11-25'),
(260, 6, '2019-06-04', '2019-06-13'),
(260, 15, '2019-08-26', '2019-09-03'),
(260, 17, '2019-11-17', '2019-11-27'),
(261, 8, '2020-01-16', '2020-01-28'),
(265, 10, '2019-09-14', '2019-09-16'),
(265, 20, '2019-08-13', '2019-08-27'),
(265, 21, '2020-01-07', '2020-01-15'),
(265, 25, '2020-01-27', '2020-02-09'),
(266, 10, '2019-08-21', '2019-09-01'),
(266, 18, '2019-07-21', '2019-07-23'),
(270, 18, '2019-04-29', '2019-05-04'),
(271, 21, '2019-08-27', '2019-09-01'),
(272, 19, '2019-07-25', '2019-08-03'),
(274, 18, '2019-09-24', '2019-09-26'),
(277, 23, '2020-02-06', '2020-02-17'),
(278, 7, '2020-01-07', '2020-01-12'),
(278, 8, '2019-04-18', '2019-04-24'),
(278, 21, '2019-08-06', '2019-08-07'),
(278, 23, '2019-08-24', '2019-09-05'),
(284, 11, '2019-11-28', '2019-12-01'),
(285, 7, '2019-07-22', '2019-07-26'),
(285, 11, '2019-08-12', '2019-08-25'),
(286, 4, '2019-04-28', '2019-05-08'),
(289, 2, '2019-07-05', '2019-07-16'),
(290, 23, '2019-04-13', '2019-04-25'),
(290, 25, '2019-06-15', '2019-06-24'),
(291, 5, '2019-12-02', '2019-12-12'),
(291, 18, '2019-08-31', '2019-09-09'),
(292, 17, '2020-03-15', '2020-03-29'),
(292, 18, '2019-08-31', '2019-09-02'),
(292, 25, '2019-07-18', '2019-07-25'),
(298, 12, '2020-03-15', '2020-03-17'),
(298, 13, '2020-03-05', '2020-03-06'),
(300, 14, '2019-11-11', '2019-11-25'),
(300, 20, '2019-12-27', '2020-01-08'),
(302, 14, '2019-07-13', '2019-07-14'),
(303, 11, '2019-06-18', '2019-06-28'),
(304, 12, '2019-05-07', '2019-05-12'),
(304, 17, '2019-09-04', '2019-09-13'),
(305, 3, '2020-03-09', '2020-03-12'),
(305, 9, '2020-01-10', '2020-01-24'),
(307, 18, '2019-10-19', '2019-10-22'),
(308, 8, '2020-03-03', '2020-03-04'),
(309, 20, '2019-11-08', '2019-11-18'),
(309, 21, '2019-10-31', '2019-11-03'),
(312, 8, '2019-06-26', '2019-07-07'),
(314, 21, '2019-05-09', '2019-05-16'),
(315, 6, '2020-01-20', '2020-01-21'),
(315, 12, '2019-11-21', '2019-12-04'),
(316, 10, '2020-02-16', '2020-02-20'),
(316, 18, '2020-01-22', '2020-01-31'),
(317, 18, '2019-10-08', '2019-10-10'),
(318, 21, '2019-09-18', '2019-10-01'),
(319, 15, '2019-09-27', '2019-09-28'),
(321, 5, '2019-10-03', '2019-10-11'),
(322, 6, '2019-09-23', '2019-10-02'),
(323, 18, '2019-12-31', '2020-01-07'),
(325, 2, '2020-01-06', '2020-01-11'),
(326, 22, '2019-12-08', '2019-12-14'),
(328, 23, '2019-11-25', '2019-12-09'),
(330, 9, '2020-03-05', '2020-03-16'),
(332, 22, '2020-01-07', '2020-01-18'),
(332, 23, '2020-02-18', '2020-02-26'),
(333, 13, '2020-02-01', '2020-02-09'),
(333, 21, '2019-10-22', '2019-10-24'),
(334, 2, '2019-03-31', '2019-04-10'),
(334, 18, '2019-12-12', '2019-12-16'),
(335, 15, '2019-11-01', '2019-11-05'),
(336, 3, '2020-02-03', '2020-02-08'),
(336, 9, '2019-12-03', '2019-12-15'),
(336, 21, '2019-05-28', '2019-06-02'),
(336, 23, '2019-12-06', '2019-12-09'),
(336, 25, '2020-02-15', '2020-02-27'),
(338, 3, '2020-02-20', '2020-02-28'),
(338, 4, '2019-10-12', '2019-10-18'),
(339, 1, '2019-10-23', '2019-10-28'),
(339, 15, '2019-10-11', '2019-10-11'),
(339, 16, '2019-11-15', '2019-11-17'),
(339, 23, '2019-10-07', '2019-10-10'),
(340, 11, '2019-12-25', '2020-01-05'),
(340, 21, '2019-04-05', '2019-04-09'),
(341, 5, '2019-06-27', '2019-07-09'),
(342, 10, '2020-02-21', '2020-03-01'),
(342, 17, '2020-03-13', '2020-03-18'),
(342, 21, '2019-04-22', '2019-05-04'),
(342, 25, '2019-09-28', '2019-09-30'),
(345, 4, '2019-11-27', '2019-11-30'),
(345, 23, '2019-06-08', '2019-06-17'),
(348, 1, '2019-08-08', '2019-08-13'),
(348, 19, '2019-11-19', '2019-12-02'),
(349, 20, '2020-01-21', '2020-01-28'),
(350, 9, '2019-10-15', '2019-10-26'),
(350, 13, '2020-01-31', '2020-02-07'),
(350, 24, '2019-11-28', '2019-12-10'),
(351, 18, '2019-04-29', '2019-05-10'),
(353, 5, '2019-11-20', '2019-11-26'),
(353, 10, '2020-01-29', '2020-02-08'),
(353, 16, '2019-05-04', '2019-05-08'),
(354, 25, '2019-05-30', '2019-06-01'),
(358, 18, '2019-10-19', '2019-10-31'),
(358, 20, '2019-05-25', '2019-06-07'),
(359, 3, '2019-06-29', '2019-07-12'),
(363, 9, '2020-03-04', '2020-03-17'),
(365, 3, '2019-05-10', '2019-05-19'),
(365, 10, '2019-12-23', '2019-12-28'),
(365, 12, '2020-02-04', '2020-02-05'),
(365, 18, '2019-10-08', '2019-10-09'),
(365, 19, '2019-12-07', '2019-12-09'),
(366, 4, '2019-03-28', '2019-04-03'),
(366, 5, '2019-10-19', '2019-10-30'),
(367, 21, '2019-09-09', '2019-09-17'),
(368, 5, '2019-06-24', '2019-06-29'),
(368, 6, '2019-06-14', '2019-06-28'),
(368, 13, '2020-01-04', '2020-01-18'),
(372, 1, '2019-12-29', '2020-01-11'),
(372, 7, '2019-06-25', '2019-07-04'),
(372, 9, '2020-01-13', '2020-01-16'),
(373, 11, '2019-04-25', '2019-04-30'),
(376, 2, '2019-07-08', '2019-07-09'),
(376, 3, '2019-10-17', '2019-10-19'),
(376, 5, '2019-10-19', '2019-10-26'),
(376, 14, '2019-06-17', '2019-06-18'),
(378, 21, '2019-11-10', '2019-11-21'),
(381, 12, '2019-09-09', '2019-09-21'),
(382, 21, '2019-04-05', '2019-04-15'),
(383, 22, '2019-08-23', '2019-09-04'),
(384, 1, '2019-09-01', '2019-09-05'),
(384, 23, '2020-03-18', '2020-03-30'),
(385, 12, '2019-08-27', '2019-09-01'),
(385, 18, '2019-04-29', '2019-05-02'),
(385, 23, '2019-06-27', '2019-07-08'),
(386, 7, '2019-12-25', '2019-12-30'),
(386, 21, '2019-08-05', '2019-08-12'),
(386, 22, '2019-09-22', '2019-09-27'),
(388, 3, '2019-03-27', '2019-03-31'),
(389, 12, '2019-04-14', '2019-04-19'),
(390, 5, '2019-04-05', '2019-04-19'),
(390, 9, '2019-04-02', '2019-04-11'),
(391, 1, '2019-09-27', '2019-10-01'),
(391, 20, '2020-01-10', '2020-01-16'),
(391, 23, '2019-11-28', '2019-12-01'),
(392, 21, '2020-03-12', '2020-03-23'),
(394, 6, '2019-12-03', '2019-12-07'),
(394, 8, '2019-05-10', '2019-05-12'),
(394, 14, '2020-02-22', '2020-03-02'),
(396, 20, '2019-05-30', '2019-06-09'),
(396, 24, '2019-05-01', '2019-05-11'),
(397, 3, '2019-11-18', '2019-11-25'),
(397, 17, '2019-10-05', '2019-10-08'),
(398, 19, '2020-01-05', '2020-01-14'),
(399, 1, '2019-06-12', '2019-06-21'),
(400, 10, '2019-09-12', '2019-09-26'),
(401, 1, '2019-10-05', '2019-10-06'),
(404, 3, '2019-12-31', '2020-01-03'),
(405, 8, '2019-04-14', '2019-04-15'),
(406, 10, '2020-01-17', '2020-01-25'),
(406, 11, '2019-08-30', '2019-09-06'),
(407, 18, '2019-03-29', '2019-04-08'),
(407, 21, '2019-12-25', '2019-12-26'),
(408, 6, '2019-10-23', '2019-10-24'),
(408, 15, '2019-05-03', '2019-05-05'),
(408, 18, '2020-01-08', '2020-01-14'),
(408, 22, '2020-03-13', '2020-03-24'),
(409, 15, '2019-06-08', '2019-06-18'),
(409, 21, '2019-04-04', '2019-04-17'),
(411, 14, '2019-12-18', '2019-12-27'),
(412, 2, '2020-03-02', '2020-03-07'),
(412, 14, '2019-09-14', '2019-09-24'),
(415, 18, '2019-06-05', '2019-06-12'),
(416, 12, '2019-12-20', '2019-12-23'),
(420, 2, '2019-08-24', '2019-09-04'),
(422, 13, '2019-05-27', '2019-06-10'),
(423, 6, '2019-06-14', '2019-06-25'),
(425, 4, '2019-11-17', '2019-11-27'),
(425, 14, '2019-10-02', '2019-10-07'),
(427, 1, '2019-10-13', '2019-10-23'),
(430, 3, '2020-01-22', '2020-01-26'),
(430, 7, '2020-02-05', '2020-02-07'),
(431, 13, '2019-06-06', '2019-06-07'),
(432, 8, '2019-05-23', '2019-06-03'),
(432, 24, '2019-12-13', '2019-12-24'),
(435, 24, '2019-12-03', '2019-12-10'),
(437, 24, '2019-11-05', '2019-11-18'),
(438, 1, '2019-08-17', '2019-08-20'),
(438, 23, '2019-04-12', '2019-04-16'),
(440, 24, '2019-10-27', '2019-11-05'),
(441, 12, '2019-10-14', '2019-10-20'),
(444, 13, '2020-01-26', '2020-01-29'),
(444, 17, '2020-03-23', '2020-04-04'),
(446, 25, '2019-05-10', '2019-05-16'),
(448, 14, '2019-10-20', '2019-10-28'),
(452, 4, '2019-12-29', '2020-01-04'),
(453, 18, '2019-07-13', '2019-07-19'),
(453, 24, '2019-07-16', '2019-07-26'),
(453, 25, '2020-03-07', '2020-03-14'),
(456, 10, '2019-08-17', '2019-08-20'),
(458, 11, '2020-03-10', '2020-03-16'),
(459, 11, '2020-03-25', '2020-04-03'),
(459, 14, '2019-10-05', '2019-10-16'),
(462, 23, '2019-05-26', '2019-06-09'),
(463, 7, '2019-11-01', '2019-11-09'),
(463, 12, '2019-04-22', '2019-05-04'),
(464, 14, '2019-04-06', '2019-04-14'),
(465, 2, '2019-09-03', '2019-09-07'),
(465, 8, '2019-10-27', '2019-11-04'),
(466, 10, '2020-02-20', '2020-03-04'),
(466, 14, '2019-08-23', '2019-09-06'),
(470, 5, '2019-03-29', '2019-04-02'),
(470, 18, '2020-03-04', '2020-03-06'),
(470, 20, '2019-06-25', '2019-07-09'),
(471, 9, '2019-06-03', '2019-06-11'),
(472, 9, '2020-02-13', '2020-02-25'),
(472, 10, '2019-04-23', '2019-04-30'),
(473, 18, '2019-09-14', '2019-09-27'),
(474, 13, '2019-12-15', '2019-12-18'),
(476, 12, '2020-01-22', '2020-02-05'),
(477, 6, '2020-02-26', '2020-03-04'),
(477, 15, '2019-07-05', '2019-07-09'),
(480, 5, '2019-06-03', '2019-06-15'),
(480, 14, '2020-01-17', '2020-01-25'),
(481, 11, '2019-12-12', '2019-12-16'),
(483, 13, '2019-12-07', '2019-12-17'),
(484, 19, '2019-04-09', '2019-04-17'),
(485, 20, '2019-04-19', '2019-04-30'),
(486, 1, '2019-07-29', '2019-08-12'),
(486, 8, '2019-04-13', '2019-04-24'),
(486, 10, '2019-04-02', '2019-04-13'),
(486, 17, '2019-11-06', '2019-11-14'),
(487, 19, '2019-06-07', '2019-06-14'),
(487, 22, '2019-09-01', '2019-09-11'),
(488, 23, '2019-05-29', '2019-05-31'),
(489, 9, '2019-05-13', '2019-05-20'),
(489, 18, '2019-10-10', '2019-10-24'),
(490, 19, '2019-05-26', '2019-06-03'),
(492, 4, '2020-02-16', '2020-02-27'),
(493, 17, '2019-08-06', '2019-08-10'),
(497, 15, '2019-04-09', '2019-04-22'),
(497, 24, '2019-10-18', '2019-10-30'),
(500, 25, '2019-10-26', '2019-10-31'),
(502, 14, '2020-01-31', '2020-02-04'),
(502, 20, '2019-09-09', '2019-09-15'),
(503, 14, '2019-05-18', '2019-06-01'),
(503, 21, '2019-10-03', '2019-10-14'),
(504, 2, '2020-03-25', '2020-04-08'),
(506, 17, '2019-12-17', '2019-12-26'),
(507, 7, '2020-03-05', '2020-03-06'),
(507, 13, '2019-09-25', '2019-10-01'),
(508, 18, '2019-10-19', '2019-10-30'),
(508, 23, '2019-11-05', '2019-11-15'),
(509, 1, '2020-03-23', '2020-03-26'),
(509, 3, '2020-02-21', '2020-03-03'),
(509, 23, '2019-07-14', '2019-07-17'),
(511, 18, '2019-05-30', '2019-06-11'),
(513, 1, '2020-03-23', '2020-03-31'),
(513, 2, '2019-11-05', '2019-11-08'),
(513, 7, '2020-02-08', '2020-02-13'),
(514, 8, '2019-11-11', '2019-11-14'),
(515, 25, '2020-03-21', '2020-04-01'),
(517, 20, '2019-08-20', '2019-08-24'),
(519, 10, '2019-12-18', '2020-01-01'),
(519, 22, '2019-11-25', '2019-11-28'),
(520, 2, '2019-09-20', '2019-09-21'),
(520, 4, '2020-02-24', '2020-03-05'),
(520, 7, '2019-07-30', '2019-07-30'),
(520, 11, '2019-12-28', '2020-01-01'),
(521, 14, '2019-05-13', '2019-05-22'),
(523, 21, '2019-11-18', '2019-11-21'),
(524, 21, '2019-11-18', '2019-12-01'),
(525, 9, '2019-08-28', '2019-08-31'),
(526, 6, '2019-04-06', '2019-04-09'),
(527, 6, '2019-08-18', '2019-08-24'),
(527, 8, '2019-08-16', '2019-08-20'),
(527, 24, '2019-12-01', '2019-12-05'),
(530, 9, '2019-12-29', '2020-01-04'),
(530, 12, '2019-04-28', '2019-05-01'),
(530, 15, '2019-10-23', '2019-11-02'),
(530, 16, '2019-05-13', '2019-05-26'),
(531, 12, '2019-06-25', '2019-07-01'),
(531, 25, '2019-04-20', '2019-04-25'),
(532, 7, '2020-01-15', '2020-01-23'),
(533, 4, '2019-09-09', '2019-09-17'),
(533, 14, '2019-04-07', '2019-04-09'),
(534, 25, '2020-02-20', '2020-02-21'),
(535, 1, '2020-02-18', '2020-03-03'),
(536, 9, '2019-10-02', '2019-10-09'),
(536, 18, '2019-06-06', '2019-06-13'),
(540, 6, '2019-12-01', '2019-12-03'),
(541, 3, '2019-12-03', '2019-12-17'),
(541, 16, '2019-12-22', '2020-01-01'),
(541, 24, '2019-09-03', '2019-09-09'),
(543, 11, '2020-02-07', '2020-02-21'),
(544, 12, '2019-09-08', '2019-09-17'),
(545, 23, '2019-10-20', '2019-10-22'),
(546, 11, '2020-01-05', '2020-01-14'),
(548, 7, '2019-09-14', '2019-09-27'),
(548, 25, '2019-10-12', '2019-10-23'),
(549, 4, '2019-07-02', '2019-07-14'),
(551, 8, '2019-08-16', '2019-08-17'),
(552, 22, '2020-03-04', '2020-03-15'),
(553, 12, '2019-10-10', '2019-10-19'),
(553, 19, '2020-03-19', '2020-03-28'),
(554, 15, '2019-05-26', '2019-06-02'),
(556, 18, '2019-10-27', '2019-11-02'),
(556, 21, '2020-02-15', '2020-02-15'),
(557, 16, '2019-05-17', '2019-05-20'),
(558, 10, '2019-11-08', '2019-11-17'),
(561, 7, '2019-10-10', '2019-10-15'),
(562, 18, '2020-02-03', '2020-02-15'),
(563, 9, '2019-12-22', '2019-12-23'),
(564, 1, '2019-03-27', '2019-04-09'),
(565, 23, '2020-03-19', '2020-03-23'),
(566, 8, '2019-12-19', '2019-12-29'),
(566, 13, '2019-09-22', '2019-09-30'),
(567, 2, '2020-03-15', '2020-03-26'),
(567, 9, '2020-01-30', '2020-01-31'),
(567, 16, '2019-08-07', '2019-08-09'),
(567, 23, '2019-08-27', '2019-09-02'),
(570, 13, '2020-01-04', '2020-01-12'),
(570, 14, '2020-03-21', '2020-03-28'),
(573, 3, '2019-11-26', '2019-12-07'),
(573, 21, '2019-06-28', '2019-07-03'),
(574, 19, '2019-10-13', '2019-10-19'),
(575, 5, '2019-06-04', '2019-06-18'),
(575, 24, '2019-06-26', '2019-07-05'),
(576, 16, '2019-05-06', '2019-05-08'),
(577, 8, '2019-12-06', '2019-12-15'),
(577, 10, '2019-11-12', '2019-11-26'),
(577, 12, '2019-05-29', '2019-06-11'),
(579, 5, '2019-08-31', '2019-09-11'),
(579, 8, '2019-09-11', '2019-09-23'),
(579, 23, '2019-05-06', '2019-05-07'),
(582, 17, '2019-06-06', '2019-06-14'),
(582, 25, '2019-08-21', '2019-08-29'),
(583, 12, '2019-08-06', '2019-08-07'),
(584, 2, '2019-04-04', '2019-04-15'),
(584, 22, '2019-09-19', '2019-09-26'),
(585, 2, '2020-02-28', '2020-03-03'),
(585, 16, '2019-10-05', '2019-10-16'),
(586, 2, '2019-05-16', '2019-05-19'),
(586, 7, '2019-04-27', '2019-05-05'),
(586, 8, '2020-03-22', '2020-03-24'),
(588, 18, '2019-09-06', '2019-09-07'),
(589, 3, '2019-10-25', '2019-11-05'),
(589, 25, '2020-03-25', '2020-04-05'),
(590, 2, '2019-10-29', '2019-11-03'),
(590, 12, '2020-01-15', '2020-01-21'),
(591, 9, '2020-02-20', '2020-02-22'),
(592, 13, '2019-12-16', '2019-12-21'),
(595, 4, '2019-04-12', '2019-04-18'),
(596, 21, '2019-04-01', '2019-04-14'),
(598, 1, '2019-04-24', '2019-04-28'),
(599, 15, '2019-08-10', '2019-08-17'),
(600, 8, '2019-08-10', '2019-08-20'),
(601, 6, '2019-07-22', '2019-07-22'),
(601, 9, '2019-06-13', '2019-06-22'),
(601, 10, '2019-06-30', '2019-07-08'),
(603, 22, '2019-08-02', '2019-08-14'),
(604, 2, '2019-05-02', '2019-05-10'),
(604, 7, '2019-12-03', '2019-12-06'),
(605, 5, '2019-11-29', '2019-12-03'),
(605, 15, '2020-01-18', '2020-01-30'),
(605, 24, '2019-12-27', '2020-01-03'),
(607, 6, '2019-03-29', '2019-04-07'),
(609, 11, '2020-02-12', '2020-02-25'),
(611, 18, '2019-04-17', '2019-04-23'),
(612, 18, '2019-11-25', '2019-12-01'),
(614, 11, '2020-02-22', '2020-03-05'),
(614, 12, '2019-08-12', '2019-08-26'),
(614, 18, '2020-03-19', '2020-03-23'),
(616, 8, '2020-02-25', '2020-03-03'),
(617, 25, '2019-12-25', '2019-12-31'),
(620, 2, '2019-08-26', '2019-09-05'),
(622, 18, '2019-11-22', '2019-11-27'),
(624, 2, '2019-07-08', '2019-07-14'),
(624, 13, '2019-07-22', '2019-07-24'),
(625, 7, '2020-02-12', '2020-02-17'),
(625, 13, '2020-03-06', '2020-03-11'),
(627, 8, '2019-10-17', '2019-10-24'),
(628, 9, '2020-02-17', '2020-02-26'),
(629, 14, '2020-03-19', '2020-03-28'),
(630, 4, '2020-01-13', '2020-01-14'),
(630, 22, '2019-08-01', '2019-08-09'),
(631, 2, '2019-05-14', '2019-05-20'),
(631, 7, '2019-03-28', '2019-04-04'),
(632, 5, '2020-01-22', '2020-01-24'),
(632, 23, '2019-08-30', '2019-09-02'),
(633, 17, '2020-03-18', '2020-03-26'),
(635, 5, '2019-08-15', '2019-08-19'),
(636, 1, '2019-11-20', '2019-11-28'),
(636, 15, '2019-10-03', '2019-10-16'),
(637, 3, '2020-03-24', '2020-03-25'),
(639, 9, '2019-08-22', '2019-08-28'),
(639, 15, '2019-11-23', '2019-12-04'),
(640, 18, '2020-01-11', '2020-01-19'),
(640, 19, '2019-08-11', '2019-08-17'),
(643, 11, '2019-08-20', '2019-08-25'),
(644, 15, '2020-01-05', '2020-01-14'),
(644, 23, '2019-10-27', '2019-11-10'),
(648, 13, '2019-04-14', '2019-04-17'),
(649, 12, '2020-01-16', '2020-01-28'),
(650, 3, '2019-11-25', '2019-12-03'),
(653, 7, '2019-06-23', '2019-06-27'),
(653, 9, '2019-08-15', '2019-08-25'),
(655, 23, '2019-12-13', '2019-12-20'),
(656, 10, '2019-05-10', '2019-05-18'),
(657, 22, '2019-04-05', '2019-04-06'),
(658, 2, '2019-10-12', '2019-10-23'),
(658, 6, '2019-11-04', '2019-11-15'),
(658, 8, '2019-05-08', '2019-05-13'),
(658, 14, '2020-02-18', '2020-02-24'),
(658, 22, '2020-01-18', '2020-01-31'),
(659, 9, '2020-03-15', '2020-03-20'),
(660, 14, '2019-09-01', '2019-09-13'),
(663, 12, '2019-12-27', '2019-12-31'),
(663, 22, '2019-06-25', '2019-07-07'),
(663, 24, '2019-04-21', '2019-04-26'),
(664, 4, '2019-11-09', '2019-11-11'),
(665, 8, '2019-08-22', '2019-08-30'),
(666, 6, '2019-04-11', '2019-04-18'),
(666, 23, '2019-08-26', '2019-09-04'),
(668, 4, '2020-03-21', '2020-03-30'),
(669, 14, '2019-09-16', '2019-09-20'),
(674, 15, '2019-10-21', '2019-10-27'),
(676, 9, '2019-06-25', '2019-06-27'),
(676, 24, '2020-03-10', '2020-03-18'),
(677, 11, '2020-01-30', '2020-02-04'),
(681, 15, '2019-11-12', '2019-11-25'),
(681, 17, '2020-01-20', '2020-01-26'),
(681, 21, '2019-09-07', '2019-09-15'),
(682, 5, '2020-01-10', '2020-01-17'),
(684, 4, '2019-10-27', '2019-11-08'),
(684, 25, '2019-11-26', '2019-12-03'),
(685, 21, '2020-03-15', '2020-03-29'),
(687, 13, '2019-07-31', '2019-08-08'),
(687, 23, '2020-01-12', '2020-01-22'),
(688, 7, '2019-12-12', '2019-12-22'),
(689, 23, '2019-10-23', '2019-10-30'),
(690, 15, '2019-11-08', '2019-11-11'),
(690, 18, '2019-04-09', '2019-04-18'),
(691, 5, '2019-12-05', '2019-12-12'),
(692, 9, '2019-11-13', '2019-11-22'),
(692, 12, '2020-02-21', '2020-02-28'),
(692, 18, '2019-09-10', '2019-09-19'),
(693, 13, '2019-05-01', '2019-05-11'),
(693, 24, '2019-11-18', '2019-11-26'),
(694, 18, '2019-12-11', '2019-12-21'),
(696, 9, '2019-10-20', '2019-11-01'),
(699, 5, '2019-09-24', '2019-10-08'),
(701, 2, '2019-10-18', '2019-10-24'),
(701, 24, '2019-10-04', '2019-10-18'),
(702, 22, '2019-06-02', '2019-06-14'),
(704, 11, '2019-07-29', '2019-08-01'),
(705, 3, '2020-03-22', '2020-03-29'),
(706, 3, '2019-11-29', '2019-12-10'),
(707, 8, '2019-07-31', '2019-08-04'),
(709, 11, '2020-01-31', '2020-02-02'),
(709, 16, '2019-12-01', '2019-12-11'),
(709, 19, '2020-03-23', '2020-03-26'),
(710, 1, '2019-08-27', '2019-09-08'),
(710, 8, '2020-03-15', '2020-03-23'),
(712, 9, '2019-08-18', '2019-08-24'),
(713, 12, '2019-05-13', '2019-05-15'),
(718, 18, '2020-02-24', '2020-03-03'),
(718, 19, '2019-07-14', '2019-07-17'),
(720, 17, '2019-08-07', '2019-08-13'),
(722, 3, '2020-02-11', '2020-02-17'),
(722, 23, '2020-01-04', '2020-01-15'),
(723, 19, '2019-08-07', '2019-08-15'),
(725, 12, '2019-12-12', '2019-12-18'),
(726, 7, '2019-08-28', '2019-09-05'),
(727, 6, '2020-02-20', '2020-02-26'),
(727, 20, '2019-12-08', '2019-12-15'),
(728, 2, '2019-08-29', '2019-08-31'),
(729, 6, '2019-12-25', '2019-12-27'),
(731, 2, '2019-10-14', '2019-10-18'),
(732, 7, '2019-05-07', '2019-05-20'),
(732, 8, '2019-05-13', '2019-05-25'),
(732, 14, '2019-07-27', '2019-07-31'),
(734, 20, '2019-09-14', '2019-09-27'),
(734, 21, '2019-08-25', '2019-09-05'),
(735, 9, '2019-10-27', '2019-11-09'),
(741, 21, '2019-07-19', '2019-07-24'),
(741, 23, '2019-12-29', '2019-12-30'),
(743, 9, '2019-12-12', '2019-12-13'),
(743, 16, '2019-07-02', '2019-07-03'),
(744, 20, '2019-06-07', '2019-06-08'),
(745, 6, '2019-08-12', '2019-08-15'),
(746, 12, '2020-03-26', '2020-04-08'),
(747, 1, '2019-07-07', '2019-07-20'),
(747, 2, '2020-03-11', '2020-03-22'),
(747, 4, '2020-01-05', '2020-01-09'),
(747, 11, '2019-09-20', '2019-10-01'),
(750, 14, '2019-09-26', '2019-09-28'),
(751, 5, '2019-12-06', '2019-12-11'),
(753, 6, '2019-12-29', '2020-01-02'),
(754, 4, '2019-08-16', '2019-08-22'),
(756, 10, '2019-06-27', '2019-06-30'),
(756, 23, '2019-12-12', '2019-12-22'),
(757, 9, '2019-04-30', '2019-05-13'),
(757, 24, '2019-08-30', '2019-09-06'),
(758, 13, '2019-05-07', '2019-05-18'),
(758, 17, '2019-12-12', '2019-12-15'),
(759, 12, '2019-05-30', '2019-06-10'),
(761, 25, '2019-07-17', '2019-07-18'),
(762, 25, '2019-11-15', '2019-11-17'),
(763, 18, '2019-07-06', '2019-07-14'),
(763, 23, '2019-11-08', '2019-11-11'),
(764, 8, '2019-06-07', '2019-06-12'),
(764, 17, '2020-02-08', '2020-02-09'),
(767, 17, '2020-02-21', '2020-02-23'),
(767, 18, '2019-05-13', '2019-05-22'),
(768, 23, '2019-08-09', '2019-08-19'),
(770, 20, '2019-06-29', '2019-07-08'),
(770, 24, '2020-01-04', '2020-01-06'),
(770, 25, '2020-02-10', '2020-02-19'),
(772, 2, '2019-09-06', '2019-09-17'),
(772, 21, '2019-09-23', '2019-09-24'),
(774, 18, '2019-09-08', '2019-09-19'),
(775, 14, '2019-11-30', '2019-11-30'),
(777, 16, '2019-12-20', '2019-12-23'),
(777, 24, '2020-02-23', '2020-03-05'),
(779, 2, '2019-11-03', '2019-11-09'),
(779, 6, '2020-01-20', '2020-01-29'),
(779, 8, '2019-12-27', '2020-01-10'),
(780, 1, '2019-11-19', '2019-11-20'),
(782, 9, '2019-11-12', '2019-11-17'),
(783, 15, '2020-01-23', '2020-01-29'),
(783, 17, '2019-11-08', '2019-11-11'),
(784, 14, '2019-08-15', '2019-08-24'),
(785, 9, '2019-06-07', '2019-06-14'),
(786, 24, '2019-05-06', '2019-05-15'),
(787, 3, '2020-01-01', '2020-01-09'),
(788, 15, '2019-11-20', '2019-11-21'),
(788, 24, '2019-08-12', '2019-08-18'),
(789, 4, '2019-06-02', '2019-06-15'),
(789, 9, '2020-03-11', '2020-03-17'),
(789, 15, '2019-08-24', '2019-08-26'),
(789, 17, '2019-11-30', '2019-12-08'),
(792, 1, '2019-09-20', '2019-09-26'),
(793, 9, '2020-02-10', '2020-02-16'),
(794, 13, '2019-09-19', '2019-09-30'),
(795, 22, '2020-02-15', '2020-02-24'),
(796, 17, '2019-04-14', '2019-04-26'),
(798, 4, '2019-06-10', '2019-06-14'),
(798, 13, '2020-01-20', '2020-02-01'),
(799, 3, '2019-07-08', '2019-07-11'),
(799, 9, '2019-06-14', '2019-06-23'),
(802, 23, '2019-12-27', '2020-01-03'),
(803, 7, '2019-04-06', '2019-04-13'),
(803, 13, '2019-04-01', '2019-04-03'),
(803, 16, '2019-04-10', '2019-04-23'),
(804, 7, '2020-02-16', '2020-02-19'),
(804, 20, '2019-08-22', '2019-08-27'),
(804, 22, '2019-06-13', '2019-06-27'),
(804, 24, '2020-02-11', '2020-02-12'),
(805, 22, '2019-10-07', '2019-10-09'),
(806, 25, '2019-11-13', '2019-11-18'),
(807, 4, '2020-02-02', '2020-02-09'),
(808, 22, '2020-03-21', '2020-03-27'),
(812, 2, '2019-11-06', '2019-11-15'),
(812, 17, '2020-03-22', '2020-04-04'),
(812, 22, '2019-10-24', '2019-11-03'),
(813, 11, '2020-02-12', '2020-02-20'),
(814, 1, '2019-12-02', '2019-12-13'),
(815, 9, '2019-12-28', '2019-12-31'),
(815, 22, '2019-07-30', '2019-08-09'),
(815, 23, '2019-10-28', '2019-11-07'),
(817, 23, '2019-12-03', '2019-12-09'),
(818, 19, '2019-12-03', '2019-12-05'),
(818, 23, '2019-09-09', '2019-09-12'),
(820, 21, '2019-11-12', '2019-11-20'),
(821, 7, '2019-10-23', '2019-10-26'),
(822, 24, '2020-03-21', '2020-03-26'),
(825, 23, '2019-08-03', '2019-08-17'),
(826, 25, '2020-02-14', '2020-02-15'),
(827, 9, '2019-07-06', '2019-07-09'),
(827, 13, '2019-04-30', '2019-05-11'),
(827, 24, '2019-05-17', '2019-05-20'),
(828, 19, '2019-11-08', '2019-11-17'),
(830, 12, '2019-09-29', '2019-10-06'),
(830, 15, '2020-01-26', '2020-02-04'),
(831, 17, '2019-06-30', '2019-07-08'),
(832, 21, '2019-12-10', '2019-12-22'),
(832, 25, '2019-11-17', '2019-11-27'),
(833, 14, '2020-03-07', '2020-03-21'),
(833, 18, '2020-02-08', '2020-02-20'),
(834, 19, '2019-12-25', '2019-12-28'),
(835, 5, '2019-05-04', '2019-05-11'),
(835, 12, '2019-12-08', '2019-12-08'),
(837, 6, '2020-02-05', '2020-02-11'),
(839, 20, '2020-03-13', '2020-03-23'),
(840, 10, '2020-03-08', '2020-03-13'),
(841, 9, '2019-07-11', '2019-07-18'),
(841, 16, '2019-05-16', '2019-05-23'),
(841, 22, '2019-11-28', '2019-12-10'),
(842, 21, '2019-04-02', '2019-04-11'),
(844, 17, '2019-10-31', '2019-11-09'),
(844, 25, '2019-04-02', '2019-04-07'),
(846, 13, '2019-04-04', '2019-04-16'),
(850, 10, '2019-06-09', '2019-06-13'),
(850, 12, '2019-04-03', '2019-04-11'),
(852, 12, '2019-11-07', '2019-11-10'),
(852, 16, '2020-03-03', '2020-03-06'),
(853, 17, '2019-11-02', '2019-11-06'),
(854, 13, '2019-07-24', '2019-08-05'),
(855, 9, '2019-08-02', '2019-08-05'),
(858, 3, '2019-08-16', '2019-08-26'),
(859, 22, '2019-11-14', '2019-11-25'),
(863, 16, '2019-04-28', '2019-05-09'),
(865, 8, '2019-09-13', '2019-09-21'),
(867, 16, '2020-01-22', '2020-01-26'),
(868, 4, '2019-09-23', '2019-10-05'),
(868, 10, '2019-10-24', '2019-10-30'),
(869, 19, '2019-04-25', '2019-05-03'),
(871, 21, '2019-09-07', '2019-09-12'),
(871, 23, '2019-09-23', '2019-09-25'),
(873, 11, '2019-07-11', '2019-07-20'),
(874, 4, '2019-10-25', '2019-10-25'),
(874, 20, '2019-04-14', '2019-04-25'),
(877, 22, '2019-05-24', '2019-06-01'),
(877, 24, '2020-01-25', '2020-01-30'),
(878, 7, '2019-04-16', '2019-04-20'),
(878, 12, '2019-05-20', '2019-05-22'),
(879, 9, '2020-02-05', '2020-02-19'),
(880, 17, '2019-11-29', '2019-12-05'),
(881, 18, '2019-04-11', '2019-04-14'),
(882, 15, '2020-01-11', '2020-01-21'),
(883, 18, '2020-01-20', '2020-02-01'),
(886, 1, '2019-09-13', '2019-09-16'),
(888, 2, '2019-11-28', '2019-12-04'),
(889, 18, '2019-09-17', '2019-09-24'),
(890, 17, '2020-02-25', '2020-02-27'),
(891, 24, '2019-08-03', '2019-08-07'),
(895, 2, '2019-09-29', '2019-10-13'),
(896, 4, '2020-02-24', '2020-02-25'),
(896, 5, '2019-11-02', '2019-11-08'),
(897, 2, '2019-08-18', '2019-08-30'),
(897, 10, '2020-01-17', '2020-01-30'),
(897, 11, '2019-10-23', '2019-10-24'),
(897, 17, '2019-06-15', '2019-06-15'),
(897, 19, '2019-04-26', '2019-05-03'),
(899, 4, '2020-03-14', '2020-03-26'),
(899, 10, '2019-04-08', '2019-04-08'),
(899, 13, '2019-10-29', '2019-11-05'),
(900, 1, '2020-02-29', '2020-03-13'),
(900, 12, '2019-04-13', '2019-04-27'),
(901, 1, '2019-11-07', '2019-11-11'),
(903, 1, '2019-10-27', '2019-11-02'),
(904, 12, '2019-05-31', '2019-06-03'),
(904, 14, '2019-12-19', '2020-01-01'),
(905, 1, '2019-07-22', '2019-08-01'),
(905, 10, '2019-04-14', '2019-04-24'),
(906, 14, '2019-04-21', '2019-04-28'),
(907, 4, '2019-05-27', '2019-06-01'),
(907, 7, '2019-10-17', '2019-10-20'),
(907, 22, '2019-05-20', '2019-06-02'),
(907, 25, '2019-08-17', '2019-08-30'),
(908, 8, '2020-03-18', '2020-04-01'),
(908, 21, '2019-05-24', '2019-06-07'),
(910, 14, '2019-12-10', '2019-12-12'),
(910, 16, '2019-08-13', '2019-08-23'),
(910, 25, '2020-02-17', '2020-03-01'),
(911, 12, '2020-02-14', '2020-02-20'),
(914, 17, '2019-04-25', '2019-05-03'),
(914, 19, '2019-12-06', '2019-12-10'),
(915, 13, '2019-11-24', '2019-12-04'),
(915, 19, '2019-07-08', '2019-07-20'),
(916, 19, '2019-11-09', '2019-11-21'),
(918, 16, '2019-06-04', '2019-06-16'),
(921, 8, '2019-05-17', '2019-05-27'),
(923, 4, '2019-11-11', '2019-11-25'),
(925, 22, '2019-06-03', '2019-06-14'),
(926, 5, '2020-02-26', '2020-03-07'),
(926, 10, '2019-07-09', '2019-07-13'),
(927, 3, '2019-08-10', '2019-08-16'),
(927, 22, '2019-09-28', '2019-10-12'),
(928, 14, '2019-11-23', '2019-12-05'),
(928, 18, '2020-03-03', '2020-03-04'),
(929, 11, '2019-05-17', '2019-05-27'),
(929, 17, '2020-03-24', '2020-03-28'),
(930, 10, '2019-04-17', '2019-04-24'),
(930, 19, '2019-05-21', '2019-05-26'),
(931, 17, '2019-03-28', '2019-04-01'),
(933, 13, '2019-09-12', '2019-09-15'),
(934, 12, '2019-05-01', '2019-05-05'),
(935, 1, '2019-04-08', '2019-04-19'),
(936, 2, '2019-08-31', '2019-09-13'),
(936, 15, '2019-07-17', '2019-07-21'),
(937, 4, '2019-09-26', '2019-10-04'),
(938, 8, '2019-04-21', '2019-05-04'),
(938, 16, '2020-02-03', '2020-02-17'),
(941, 2, '2019-07-26', '2019-07-30'),
(942, 16, '2019-09-02', '2019-09-06'),
(942, 23, '2019-05-23', '2019-05-31'),
(944, 18, '2019-05-25', '2019-05-26'),
(944, 20, '2020-03-23', '2020-03-30'),
(945, 2, '2020-01-13', '2020-01-17'),
(945, 10, '2019-12-22', '2020-01-04'),
(946, 4, '2019-11-21', '2019-11-30'),
(948, 14, '2019-08-23', '2019-08-31'),
(948, 24, '2019-06-20', '2019-07-02'),
(949, 6, '2019-12-12', '2019-12-17'),
(949, 7, '2019-03-29', '2019-04-02'),
(951, 4, '2020-03-18', '2020-03-23'),
(951, 25, '2019-09-02', '2019-09-13'),
(952, 1, '2019-04-30', '2019-05-11'),
(952, 7, '2019-06-30', '2019-07-07'),
(952, 10, '2019-06-26', '2019-06-29'),
(952, 23, '2019-06-08', '2019-06-16'),
(953, 6, '2019-06-19', '2019-06-21'),
(954, 22, '2019-10-04', '2019-10-16'),
(955, 14, '2020-02-15', '2020-02-25'),
(957, 20, '2019-08-04', '2019-08-07'),
(958, 8, '2019-05-17', '2019-05-29'),
(960, 19, '2020-03-20', '2020-03-26'),
(960, 20, '2019-11-22', '2019-12-02'),
(961, 20, '2019-05-02', '2019-05-05'),
(965, 6, '2019-08-17', '2019-08-29'),
(966, 8, '2020-01-02', '2020-01-09'),
(967, 19, '2019-06-25', '2019-07-09'),
(970, 1, '2019-04-29', '2019-05-06'),
(971, 13, '2019-08-07', '2019-08-15'),
(972, 20, '2020-03-24', '2020-03-27'),
(973, 20, '2020-02-21', '2020-02-24'),
(976, 7, '2019-11-25', '2019-12-01'),
(977, 11, '2019-06-30', '2019-07-09'),
(979, 4, '2019-12-26', '2020-01-05'),
(980, 13, '2019-10-13', '2019-10-22'),
(980, 18, '2019-09-17', '2019-10-01'),
(981, 22, '2020-02-28', '2020-03-01'),
(982, 6, '2020-01-01', '2020-01-10'),
(982, 14, '2019-11-30', '2019-12-11'),
(983, 3, '2019-10-26', '2019-11-09'),
(985, 7, '2019-07-29', '2019-08-06'),
(985, 11, '2020-01-29', '2020-02-09'),
(986, 17, '2020-02-20', '2020-02-21'),
(988, 14, '2019-09-23', '2019-10-06'),
(988, 16, '2019-12-07', '2019-12-15'),
(990, 4, '2019-05-03', '2019-05-17'),
(992, 15, '2020-01-28', '2020-02-01'),
(993, 21, '2019-06-29', '2019-07-03'),
(993, 24, '2019-09-06', '2019-09-14'),
(996, 7, '2020-03-07', '2020-03-19'),
(999, 15, '2019-12-06', '2019-12-15'),
(999, 18, '2019-10-21', '2019-10-31');

-- --------------------------------------------------------

--
-- Stand-in structure for view `summary`
-- (See below for the actual view)
--
DROP VIEW IF EXISTS `summary`;
CREATE TABLE `summary` (
`User's ID` int(10) unsigned
,`User's fullname` varchar(41)
,`User's email` varchar(125)
,`User's phone` char(13)
,`Car's ID` int(10) unsigned
,`Car's name` varchar(50)
,`Car's day price` decimal(4,0)
,`Car's image` varchar(30)
,`Rented from` date
,`Rented to` date
,`Rent length` varchar(12)
);

-- --------------------------------------------------------

--
-- Table structure for table `users`
--

DROP TABLE IF EXISTS `users`;
CREATE TABLE `users` (
  `user_id` int(10) UNSIGNED NOT NULL,
  `first_name` varchar(20) COLLATE utf8_czech_ci NOT NULL,
  `last_name` varchar(20) COLLATE utf8_czech_ci NOT NULL,
  `email` varchar(125) COLLATE utf8_czech_ci NOT NULL,
  `phone` char(13) COLLATE utf8_czech_ci NOT NULL
) ENGINE=InnoDB DEFAULT CHARSET=utf8 COLLATE=utf8_czech_ci;

--
-- RELATIONSHIPS FOR TABLE `users`:
--

--
-- Dumping data for table `users`
--

INSERT INTO `users` (`user_id`, `first_name`, `last_name`, `email`, `phone`) VALUES
(1, 'Ellsworth', 'Harrod', 'eharrod0@edublogs.org', '+381588205164'),
(2, 'Parnell', 'Graine', 'pgraine1@typepad.com', '+489751033636'),
(3, 'Elia', 'Gowry', 'egowry2@drupal.org', '+633966367743'),
(4, 'Bertram', 'Godain', 'bgodain3@bloglovin.com', '+387509520239'),
(5, 'Ive', 'Swin', 'iswin4@storify.com', '+867534059146'),
(6, 'Catriona', 'Loudyan', 'cloudyan5@stanford.edu', '+256695457923'),
(7, 'Tobey', 'Dudderidge', 'tdudderidge6@china.com.cn', '+525261924379'),
(8, 'Alfy', 'Landers', 'alanders7@w3.org', '+526669901441'),
(9, 'Conway', 'Potzold', 'cpotzold8@exblog.jp', '+370144647992'),
(10, 'Xylia', 'Hearse', 'xhearse9@gizmodo.com', '+554233270847'),
(11, 'Maryl', 'Najera', 'mnajeraa@photobucket.com', '+385345282725'),
(12, 'Orazio', 'Renton', 'orentonb@dell.com', '+880205277782'),
(13, 'Druci', 'South', 'dsouthc@exblog.jp', '+867087400149'),
(14, 'Celesta', 'Gilbride', 'cgilbrided@phoca.cz', '+634802272432'),
(15, 'Eveline', 'Holtham', 'eholthame@theglobeandmail.com', '+385179982256'),
(16, 'Jarrett', 'Richardes', 'jrichardesf@rediff.com', '+865735873041'),
(17, 'Noemi', 'McKinless', 'nmckinlessg@wikimedia.org', '+485447170170'),
(18, 'Trina', 'MacRury', 'tmacruryh@free.fr', '+861127059471'),
(19, 'Nan', 'Wadforth', 'nwadforthi@chicagotribune.com', '+862356785526'),
(20, 'Annecorinne', 'Bossom', 'abossomj@noaa.gov', '+71574624235'),
(21, 'Ursala', 'Dilnot', 'udilnotk@altervista.org', '+464602667965'),
(22, 'Moshe', 'Naisbet', 'mnaisbetl@php.net', '+866571634963'),
(23, 'Marcy', 'Santo', 'msantom@twitpic.com', '+353306948304'),
(24, 'Alla', 'Eastup', 'aeastupn@newsvine.com', '+462679592443'),
(25, 'Darrelle', 'Nutter', 'dnuttero@indiatimes.com', '+543227732549'),
(26, 'Letti', 'Rixon', 'lrixonp@eventbrite.com', '+17172075752'),
(27, 'Charissa', 'Dyball', 'cdyballq@nsw.gov.au', '+351931763772'),
(28, 'Patrizia', 'Stainton', 'pstaintonr@1und1.de', '+254887466673'),
(29, 'Ollie', 'Barbier', 'obarbiers@163.com', '+818536114110'),
(30, 'Tiffany', 'Neagle', 'tneaglet@bandcamp.com', '+815985738387'),
(31, 'Darci', 'Egle of Germany', 'degleofgermanyu@hhs.gov', '+636188150597'),
(32, 'Damiano', 'Orknay', 'dorknayv@upenn.edu', '+866172267426'),
(33, 'Opalina', 'Loade', 'oloadew@elpais.com', '+351996803360'),
(34, 'Jessamyn', 'Houlton', 'jhoultonx@narod.ru', '+303043620400'),
(35, 'Ardenia', 'Rosenau', 'arosenauy@amazon.co.uk', '+866064466682'),
(36, 'Bevon', 'Tatam', 'btatamz@sourceforge.net', '+233972889169'),
(37, 'Nicolea', 'Leethem', 'nleethem10@nbcnews.com', '+514809092922'),
(38, 'Joana', 'Bims', 'jbims11@ameblo.jp', '+976869436567'),
(39, 'Tamas', 'Sargood', 'tsargood12@ebay.co.uk', '+420306878269'),
(40, 'Susanetta', 'Routh', 'srouth13@google.ca', '+848563842300'),
(41, 'Irina', 'Berns', 'iberns14@census.gov', '+867764939471'),
(42, 'Sullivan', 'Maddra', 'smaddra15@washington.edu', '+504178157665'),
(43, 'Tamarra', 'Measen', 'tmeasen16@istockphoto.com', '+636189586110'),
(44, 'Barnabas', 'Walewski', 'bwalewski17@meetup.com', '+380314690008'),
(45, 'Susanna', 'Partington', 'spartington18@noaa.gov', '+351776818782'),
(46, 'Ryon', 'Bowdery', 'rbowdery19@columbia.edu', '+358785822324'),
(47, 'Shandra', 'Corey', 'scorey1a@is.gd', '+638277404860'),
(48, 'Tiphany', 'Cove', 'tcove1b@wikia.com', '+371306765976'),
(49, 'Daria', 'Worling', 'dworling1c@toplist.cz', '+867613911009'),
(50, 'Kerstin', 'De\'Vere - Hunt', 'kdeverehunt1d@statcounter.com', '+880659104079'),
(51, 'Melba', 'Durdle', 'mdurdle1e@newsvine.com', '+559117225802'),
(52, 'Lorilee', 'Petrozzi', 'lpetrozzi1f@merriam-webster.com', '+72269207046'),
(53, 'Midge', 'Lalonde', 'mlalonde1g@google.nl', '+19204419725'),
(54, 'Shelby', 'Mougeot', 'smougeot1h@tinypic.com', '+868621752736'),
(55, 'Brice', 'Newarte', 'bnewarte1i@guardian.co.uk', '+17617470455'),
(56, 'Jesus', 'Scarce', 'jscarce1j@goo.ne.jp', '+380788769910'),
(57, 'Benn', 'Fishly', 'bfishly1k@wunderground.com', '+863445916990'),
(58, 'Berta', 'Gaskamp', 'bgaskamp1l@blogs.com', '+622797895131'),
(59, 'Taddeo', 'Goodhew', 'tgoodhew1m@xinhuanet.com', '+868486852181'),
(60, 'Charmion', 'Pecht', 'cpecht1n@plala.or.jp', '+861756620962'),
(61, 'Alonzo', 'Fealty', 'afealty1o@bloglovin.com', '+351578474598'),
(62, 'Rodrique', 'Abbitt', 'rabbitt1p@wordpress.org', '+420362464558'),
(63, 'Laurie', 'Dunseath', 'ldunseath1q@kickstarter.com', '+73891335248'),
(64, 'Eryn', 'Seddon', 'eseddon1r@spotify.com', '+484434570412'),
(65, 'Hinda', 'Mitchelhill', 'hmitchelhill1s@delicious.com', '+222207370262'),
(66, 'Irma', 'Dunbobin', 'idunbobin1t@hud.gov', '+221345368371'),
(67, 'Valera', 'Gladdish', 'vgladdish1u@hatena.ne.jp', '+621008557226'),
(68, 'Dun', 'O\'Cullinane', 'docullinane1v@naver.com', '+868691525000'),
(69, 'Jillana', 'Longmore', 'jlongmore1w@bravesites.com', '+637929325926'),
(70, 'Cooper', 'Halpine', 'chalpine1x@spiegel.de', '+486538950509'),
(71, 'Bard', 'Phidgin', 'bphidgin1y@woothemes.com', '+866183402000'),
(72, 'Marylinda', 'Adam', 'madam1z@prweb.com', '+481058551774'),
(73, 'Bertrand', 'Boyne', 'bboyne20@gizmodo.com', '+811498508994'),
(74, 'Angele', 'Feldberg', 'afeldberg21@upenn.edu', '+865495624556'),
(75, 'Bunni', 'Pepys', 'bpepys22@plala.or.jp', '+351601528193'),
(76, 'Devin', 'Darbon', 'ddarbon23@washington.edu', '+637984709709'),
(77, 'Saw', 'Akker', 'sakker24@vistaprint.com', '+336779034838'),
(78, 'Riley', 'Winchester', 'rwinchester25@shutterfly.com', '+464804644420'),
(79, 'Euphemia', 'Currington', 'ecurrington26@sitemeter.com', '+77174964696'),
(80, 'Olwen', 'Torri', 'otorri27@1und1.de', '+973522526832'),
(81, 'Ced', 'Yukhov', 'cyukhov28@purevolume.com', '+506991559610'),
(82, 'Karrah', 'Dinis', 'kdinis29@amazon.com', '+71875158186'),
(83, 'Claudian', 'Davis', 'cdavis2a@shareasale.com', '+571983223651'),
(84, 'Conrade', 'MacDougall', 'cmacdougall2b@google.com.hk', '+636465767876'),
(85, 'Jermaine', 'MacMakin', 'jmacmakin2c@imageshack.us', '+639385730102'),
(86, 'Alphonso', 'D\'Agostino', 'adagostino2d@skype.com', '+370275285989'),
(87, 'Marmaduke', 'Gostage', 'mgostage2e@multiply.com', '+12023311349'),
(88, 'Orelia', 'Meecher', 'omeecher2f@ca.gov', '+633881496451'),
(89, 'Layne', 'Brookes', 'lbrookes2g@soup.io', '+862248275664'),
(90, 'Isadora', 'Court', 'icourt2h@umn.edu', '+351111584547'),
(91, 'Jere', 'Peagrim', 'jpeagrim2i@si.edu', '+661388528117'),
(92, 'Gearalt', 'Glencorse', 'gglencorse2j@mozilla.com', '+521868351697'),
(93, 'Gino', 'Colbert', 'gcolbert2k@cbslocal.com', '+489668430753'),
(94, 'Kikelia', 'Grinin', 'kgrinin2l@google.com.hk', '+865368782874'),
(95, 'Erin', 'Lemoir', 'elemoir2m@deliciousdays.com', '+537204600129'),
(96, 'Inglis', 'Swains', 'iswains2n@ameblo.jp', '+559317660706'),
(97, 'Matthias', 'MacLeese', 'mmacleese2o@sciencedaily.com', '+661301367506'),
(98, 'Jobye', 'Bernaldo', 'jbernaldo2p@mail.ru', '+591139568704'),
(99, 'Elly', 'Gullis', 'egullis2q@liveinternet.ru', '+420915963486'),
(100, 'Karlis', 'Sycamore', 'ksycamore2r@vinaora.com', '+626949593286'),
(101, 'Giana', 'Uc', 'guc2s@cpanel.net', '+864094561990'),
(102, 'Ike', 'Byart', 'ibyart2t@phoca.cz', '+71537382773'),
(103, 'Englebert', 'Burdass', 'eburdass2u@geocities.com', '+626026458091'),
(104, 'Roobbie', 'Dafydd', 'rdafydd2v@alibaba.com', '+662728273737'),
(105, 'Carmela', 'Mascall', 'cmascall2w@tinypic.com', '+627787004896'),
(106, 'Kearney', 'Spurrior', 'kspurrior2x@ucla.edu', '+489591874075'),
(107, 'Roxana', 'Guyonneau', 'rguyonneau2y@harvard.edu', '+993539853569'),
(108, 'Milo', 'Challoner', 'mchalloner2z@infoseek.co.jp', '+73008225082'),
(109, 'Nessi', 'Simmank', 'nsimmank30@sun.com', '+622511204951'),
(110, 'Falkner', 'Higbin', 'fhigbin31@scribd.com', '+624047022231'),
(111, 'Trumann', 'Haldin', 'thaldin32@tiny.cc', '+861576001447'),
(112, 'Leonora', 'Pither', 'lpither33@github.io', '+355615522035'),
(113, 'Josselyn', 'Coltman', 'jcoltman34@seattletimes.com', '+626565798589'),
(114, 'Byran', 'Kasman', 'bkasman35@devhub.com', '+602352351226'),
(115, 'Oran', 'Barttrum', 'obarttrum36@hp.com', '+558882117515'),
(116, 'Avram', 'Sweetzer', 'asweetzer37@mlb.com', '+71977066874'),
(117, 'Ally', 'Dodds', 'adodds38@seesaa.net', '+865741012432'),
(118, 'Cybil', 'Chessell', 'cchessell39@skype.com', '+254321740090'),
(119, 'Erma', 'Walby', 'ewalby3a@weebly.com', '+622411057353'),
(120, 'Shelbi', 'Asker', 'sasker3b@chron.com', '+353723600835'),
(121, 'Vivyan', 'Malcher', 'vmalcher3c@apache.org', '+863235650355'),
(122, 'Rosie', 'Renney', 'rrenney3d@oracle.com', '+815525860215'),
(123, 'Vanna', 'Creamen', 'vcreamen3e@artisteer.com', '+865706716384'),
(124, 'Celestyna', 'Slograve', 'cslograve3f@salon.com', '+576115964189'),
(125, 'Hilda', 'Acreman', 'hacreman3g@nps.gov', '+461994204607'),
(126, 'Shanna', 'Gorringe', 'sgorringe3h@google.ru', '+481408703032'),
(127, 'Grove', 'Grigg', 'ggrigg3i@cnet.com', '+79237254478'),
(128, 'Hamel', 'Blackledge', 'hblackledge3j@soundcloud.com', '+381882535086'),
(129, 'Lorenza', 'Bittlestone', 'lbittlestone3k@about.com', '+869097437228'),
(130, 'Dillon', 'Talton', 'dtalton3l@eepurl.com', '+234339820549'),
(131, 'Neale', 'Spoerl', 'nspoerl3m@unc.edu', '+635874220221'),
(132, 'Jobyna', 'Hazeldean', 'jhazeldean3n@msn.com', '+864165743974'),
(133, 'Kerianne', 'Claus', 'kclaus3o@youtube.com', '+72383662741'),
(134, 'Agosto', 'Ashling', 'aashling3p@google.com', '+331282839723'),
(135, 'Sutton', 'Clapison', 'sclapison3q@nyu.edu', '+868716358135'),
(136, 'Corrine', 'Hallihane', 'challihane3r@w3.org', '+626353034392'),
(137, 'Michaella', 'Moulin', 'mmoulin3s@desdev.cn', '+966294100921'),
(138, 'Bryant', 'Attrey', 'battrey3t@chronoengine.com', '+869062113377'),
(139, 'Josee', 'Filkov', 'jfilkov3u@dedecms.com', '+829872944888'),
(140, 'Lolita', 'Guisot', 'lguisot3v@tumblr.com', '+595176173402'),
(141, 'Royal', 'Rawsthorne', 'rrawsthorne3w@vimeo.com', '+552323479500'),
(142, 'Della', 'Cockill', 'dcockill3x@pinterest.com', '+420143811253'),
(143, 'Iago', 'McBean', 'imcbean3y@rambler.ru', '+16465150030'),
(144, 'Kristien', 'Schwartz', 'kschwartz3z@elpais.com', '+988104839696'),
(145, 'Monti', 'Querrard', 'mquerrard40@nymag.com', '+420688207928'),
(146, 'Quincey', 'Mathie', 'qmathie41@taobao.com', '+623098297886'),
(147, 'Conant', 'Sarson', 'csarson42@csmonitor.com', '+668834710590'),
(148, 'Jedediah', 'Cabane', 'jcabane43@dion.ne.jp', '+861065440906'),
(149, 'Woodie', 'Springthorp', 'wspringthorp44@ehow.com', '+627876783256'),
(150, 'Vivyan', 'LLelweln', 'vllelweln45@google.com.au', '+375697539940'),
(151, 'Manya', 'De la Zenne', 'mdelazenne46@topsy.com', '+504297663897'),
(152, 'Nikolia', 'Brickell', 'nbrickell47@slate.com', '+218989469053'),
(153, 'Meaghan', 'Scrimshire', 'mscrimshire48@discuz.net', '+507493608959'),
(154, 'Arty', 'Gallahar', 'agallahar49@unblog.fr', '+823295533957'),
(155, 'Rici', 'Fishby', 'rfishby4a@naver.com', '+303517190109'),
(156, 'Gabriell', 'Kosiada', 'gkosiada4b@msn.com', '+74673978380'),
(157, 'Nat', 'O\'Feeny', 'nofeeny4c@quantcast.com', '+309804889124'),
(158, 'Archie', 'Bullan', 'abullan4d@google.cn', '+355598391372'),
(159, 'Kelvin', 'Attwool', 'kattwool4e@pinterest.com', '+627456079400'),
(160, 'Verney', 'Goaks', 'vgoaks4f@friendfeed.com', '+992344667578'),
(161, 'Myrta', 'Stanion', 'mstanion4g@symantec.com', '+865935042721'),
(162, 'Findlay', 'Shory', 'fshory4h@cafepress.com', '+866353194970'),
(163, 'Ashien', 'Stealfox', 'astealfox4i@examiner.com', '+374425425214'),
(164, 'Alix', 'Paddemore', 'apaddemore4j@merriam-webster.com', '+529685926318'),
(165, 'Faye', 'Leyzell', 'fleyzell4k@vistaprint.com', '+986013663447'),
(166, 'Tynan', 'Dufaire', 'tdufaire4l@geocities.com', '+624218754296'),
(167, 'Petunia', 'Shepard', 'pshepard4m@dot.gov', '+604213046293'),
(168, 'Julie', 'Leggs', 'jleggs4n@purevolume.com', '+931745660751'),
(169, 'Wesley', 'Baiden', 'wbaiden4o@wikimedia.org', '+15126617028'),
(170, 'Ives', 'Jodkowski', 'ijodkowski4p@bbc.co.uk', '+469931202161'),
(171, 'Atlanta', 'Hazelden', 'ahazelden4q@live.com', '+303634056720'),
(172, 'Nickie', 'Pizzie', 'npizzie4r@fc2.com', '+463025383313'),
(173, 'Marti', 'Chagg', 'mchagg4s@netlog.com', '+865914918990'),
(174, 'Jaye', 'Gecks', 'jgecks4t@ted.com', '+205332987721'),
(175, 'Nanon', 'Hamlet', 'nhamlet4u@globo.com', '+631234761921'),
(176, 'Hobey', 'Sivorn', 'hsivorn4v@omniture.com', '+867115272413'),
(177, 'Cecile', 'Boissier', 'cboissier4w@addtoany.com', '+865681479433'),
(178, 'Loy', 'Brecon', 'lbrecon4x@mediafire.com', '+359888222163'),
(179, 'Tamas', 'Bonavia', 'tbonavia4y@ted.com', '+372713993273'),
(180, 'Powell', 'Viggers', 'pviggers4z@theglobeandmail.com', '+863598223351'),
(181, 'Giselle', 'Fabbri', 'gfabbri50@i2i.jp', '+389991890094'),
(182, 'Christan', 'Nutman', 'cnutman51@phoca.cz', '+845764553290'),
(183, 'Vyky', 'Cobelli', 'vcobelli52@dailymail.co.uk', '+309899089053'),
(184, 'Adriaens', 'Caulder', 'acaulder53@indiatimes.com', '+19548253483'),
(185, 'Cheslie', 'Coste', 'ccoste54@forbes.com', '+75003541951'),
(186, 'Maynard', 'Godman', 'mgodman55@facebook.com', '+73602554152'),
(187, 'Adan', 'Morrel', 'amorrel56@so-net.ne.jp', '+351452412033'),
(188, 'Bing', 'Grayne', 'bgrayne57@godaddy.com', '+867995457043'),
(189, 'Estevan', 'Richardes', 'erichardes58@ucsd.edu', '+628941072427'),
(190, 'Susan', 'Garvan', 'sgarvan59@telegraph.co.uk', '+544664298503'),
(191, 'Carlyn', 'Karpol', 'ckarpol5a@altervista.org', '+456344239254'),
(192, 'Bethanne', 'Renshall', 'brenshall5b@forbes.com', '+255391209931'),
(193, 'Shurlocke', 'Korneluk', 'skorneluk5c@ucsd.edu', '+488743214488'),
(194, 'Aggie', 'Sarfas', 'asarfas5d@hexun.com', '+976750953794'),
(195, 'Lucius', 'Mynott', 'lmynott5e@arstechnica.com', '+865167399142'),
(196, 'Fredrika', 'Birds', 'fbirds5f@nba.com', '+635952327221'),
(197, 'Sonny', 'Beazer', 'sbeazer5g@java.com', '+504158925523'),
(198, 'Sherye', 'Ivanshintsev', 'sivanshintsev5h@dailymail.co.uk', '+865358293290'),
(199, 'Jolynn', 'Garner', 'jgarner5i@google.com', '+594347359457'),
(200, 'Elayne', 'Stiell', 'estiell5j@examiner.com', '+14496562626'),
(201, 'Lucienne', 'Alonso', 'lalonso5k@dailymotion.com', '+339416783992'),
(202, 'Nester', 'Belden', 'nbelden5l@domainmarket.com', '+637125148670'),
(203, 'Hanny', 'Armfield', 'harmfield5m@engadget.com', '+502902772584'),
(204, 'Benito', 'Snowdon', 'bsnowdon5n@hhs.gov', '+351441333858'),
(205, 'Ulrich', 'Leacy', 'uleacy5o@ca.gov', '+557936263465'),
(206, 'Aimee', 'Balleine', 'aballeine5p@xing.com', '+558049733269'),
(207, 'Cecelia', 'Everleigh', 'ceverleigh5q@homestead.com', '+868287005668'),
(208, 'Fae', 'Holley', 'fholley5r@goo.gl', '+866411951635'),
(209, 'Florida', 'Demangeot', 'fdemangeot5s@ovh.net', '+12251164976'),
(210, 'Christoph', 'Harring', 'charring5t@wp.com', '+867916832641'),
(211, 'Bran', 'Pena', 'bpena5u@house.gov', '+332978731970'),
(212, 'Philip', 'Walley', 'pwalley5v@si.edu', '+579289803115'),
(213, 'Lesly', 'Caveney', 'lcaveney5w@typepad.com', '+813887481338'),
(214, 'Aurilia', 'Barby', 'abarby5x@gov.uk', '+380380166791'),
(215, 'Rube', 'Carruthers', 'rcarruthers5y@who.int', '+992143673451'),
(216, 'Mychal', 'Flegg', 'mflegg5z@linkedin.com', '+687968779851'),
(217, 'Alicia', 'Lembrick', 'alembrick60@facebook.com', '+380422270499'),
(218, 'Harmonie', 'Almond', 'halmond61@china.com.cn', '+555762938743'),
(219, 'Mortimer', 'Howship', 'mhowship62@cyberchimps.com', '+571014358279'),
(220, 'Elinore', 'Rollings', 'erollings63@harvard.edu', '+861485959293'),
(221, 'Johnna', 'Maldin', 'jmaldin64@foxnews.com', '+867742190072'),
(222, 'Marcellus', 'Taylder', 'mtaylder65@studiopress.com', '+542069309015'),
(223, 'Daria', 'Boss', 'dboss66@friendfeed.com', '+261934672040'),
(224, 'Camel', 'Gumly', 'cgumly67@diigo.com', '+863183902441'),
(225, 'Julie', 'Kuhnke', 'jkuhnke68@reuters.com', '+869823774996'),
(226, 'Josh', 'Killwick', 'jkillwick69@wikia.com', '+308963581083'),
(227, 'Leeann', 'Gumbley', 'lgumbley6a@booking.com', '+488335012370'),
(228, 'Dorotea', 'Dragge', 'ddragge6b@so-net.ne.jp', '+866638417439'),
(229, 'Yorke', 'Conyer', 'yconyer6c@columbia.edu', '+864083355382'),
(230, 'Angelico', 'Wilshere', 'awilshere6d@amazon.co.uk', '+549089675087'),
(231, 'Lorrayne', 'Talks', 'ltalks6e@imgur.com', '+242449767498'),
(232, 'Tami', 'Cordsen', 'tcordsen6f@samsung.com', '+638487718681'),
(233, 'Vally', 'Castaneda', 'vcastaneda6g@comcast.net', '+359436577109'),
(234, 'Rockie', 'Dautry', 'rdautry6h@walmart.com', '+972451445902'),
(235, 'Carla', 'Campana', 'ccampana6i@unc.edu', '+866112102403'),
(236, 'Devi', 'Demsey', 'ddemsey6j@comsenz.com', '+374909663495'),
(237, 'Pet', 'Zambon', 'pzambon6k@1und1.de', '+863468015792'),
(238, 'Willabella', 'Hardman', 'whardman6l@diigo.com', '+868139963994'),
(239, 'Ola', 'Klaussen', 'oklaussen6m@uol.com.br', '+244355973969'),
(240, 'Bobbi', 'Stukings', 'bstukings6n@illinois.edu', '+261298927542'),
(241, 'Gusty', 'Bariball', 'gbariball6o@tripadvisor.com', '+557928785796'),
(242, 'Benedikt', 'Huggon', 'bhuggon6p@msu.edu', '+226517589451'),
(243, 'Alexio', 'Corten', 'acorten6q@amazonaws.com', '+862142970036'),
(244, 'Amandie', 'Perfili', 'aperfili6r@google.co.uk', '+242918102712'),
(245, 'Merle', 'Parsonage', 'mparsonage6s@amazon.co.uk', '+234206628782'),
(246, 'Cicely', 'Galloway', 'cgalloway6t@facebook.com', '+559764945366'),
(247, 'Benjamin', 'Magrannell', 'bmagrannell6u@dailymotion.com', '+576292054420'),
(248, 'Mayor', 'Crat', 'mcrat6v@theatlantic.com', '+482455160429'),
(249, 'Illa', 'Reinhardt', 'ireinhardt6w@zdnet.com', '+261512447770'),
(250, 'Sorcha', 'Westover', 'swestover6x@cloudflare.com', '+544882278407'),
(251, 'Chere', 'Bloxsum', 'cbloxsum6y@uol.com.br', '+216506907109'),
(252, 'Kain', 'Gotcher', 'kgotcher6z@cbsnews.com', '+848766129804'),
(253, 'Georgeanne', 'Pardy', 'gpardy70@hostgator.com', '+18187652337'),
(254, 'Berne', 'Whitchurch', 'bwhitchurch71@yellowbook.com', '+359371330411'),
(255, 'Fletcher', 'Rawstron', 'frawstron72@livejournal.com', '+636134174267'),
(256, 'Jandy', 'Wharfe', 'jwharfe73@nymag.com', '+863113004617'),
(257, 'Crosby', 'Bantham', 'cbantham74@themeforest.net', '+385927399959'),
(258, 'Dmitri', 'Lillicrap', 'dlillicrap75@cafepress.com', '+260381147791'),
(259, 'Austin', 'Raspison', 'araspison76@nymag.com', '+869503831028'),
(260, 'Cissy', 'Shieldon', 'cshieldon77@elpais.com', '+624648442343'),
(261, 'Renado', 'Whates', 'rwhates78@elegantthemes.com', '+387451258533'),
(262, 'Garret', 'Seth', 'gseth79@whitehouse.gov', '+624249362225'),
(263, 'Bobinette', 'Dunkerton', 'bdunkerton7a@privacy.gov.au', '+359715954014'),
(264, 'Stefanie', 'Trenoweth', 'strenoweth7b@amazon.com', '+241450605652'),
(265, 'Billi', 'Geydon', 'bgeydon7c@1688.com', '+868784994283'),
(266, 'Gray', 'O\'Lunney', 'golunney7d@hhs.gov', '+869548114200'),
(267, 'Lisha', 'Dibdale', 'ldibdale7e@typepad.com', '+621553101291'),
(268, 'Chiarra', 'Anthona', 'canthona7f@scribd.com', '+555987855784'),
(269, 'Lonny', 'Gedney', 'lgedney7g@theguardian.com', '+353491249778'),
(270, 'Omar', 'Durrand', 'odurrand7h@wikipedia.org', '+516661328371'),
(271, 'Deborah', 'Whitlock', 'dwhitlock7i@kickstarter.com', '+845153513979'),
(272, 'Wain', 'Clemence', 'wclemence7j@phpbb.com', '+12026449378'),
(273, 'Kendre', 'Cluett', 'kcluett7k@nature.com', '+351296601956'),
(274, 'Kory', 'Burnep', 'kburnep7l@ca.gov', '+637988147997'),
(275, 'Darcy', 'Old', 'dold7m@toplist.cz', '+937855918054'),
(276, 'Ripley', 'Endle', 'rendle7n@bravesites.com', '+668346230503'),
(277, 'Derwin', 'Murphy', 'dmurphy7o@dropbox.com', '+864549285980'),
(278, 'Durant', 'Kebbell', 'dkebbell7p@theatlantic.com', '+622143364425'),
(279, 'Pooh', 'Launder', 'plaunder7q@dell.com', '+75386818256'),
(280, 'Bourke', 'Logan', 'blogan7r@plala.or.jp', '+626377806566'),
(281, 'Melisa', 'Heineken', 'mheineken7s@reference.com', '+865862738753'),
(282, 'Thia', 'Tetley', 'ttetley7t@flickr.com', '+420722408218'),
(283, 'Kizzee', 'Attenborough', 'kattenborough7u@mail.ru', '+963890523554'),
(284, 'Arvie', 'Leemans', 'aleemans7v@hubpages.com', '+866876939957'),
(285, 'Inessa', 'Azemar', 'iazemar7w@mtv.com', '+555007526792'),
(286, 'Karon', 'Barrand', 'kbarrand7x@archive.org', '+865758794230'),
(287, 'Janene', 'Hirsch', 'jhirsch7y@amazon.co.uk', '+869195974647'),
(288, 'Marshal', 'Sellwood', 'msellwood7z@vinaora.com', '+12052718264'),
(289, 'Trueman', 'Wrigley', 'twrigley80@cnet.com', '+842029045138'),
(290, 'Vanya', 'Coltan', 'vcoltan81@kickstarter.com', '+621093896006'),
(291, 'Shandee', 'Husby', 'shusby82@prlog.org', '+263159794880'),
(292, 'Winnifred', 'Cottam', 'wcottam83@senate.gov', '+628604239689'),
(293, 'Sela', 'Garnsey', 'sgarnsey84@phpbb.com', '+462713685204'),
(294, 'Ad', 'Charrington', 'acharrington85@ning.com', '+629685443870'),
(295, 'Melba', 'Gould', 'mgould86@mozilla.org', '+863638502836'),
(296, 'Sula', 'Marrion', 'smarrion87@chicagotribune.com', '+77076036876'),
(297, 'Gussie', 'Lennie', 'glennie88@virginia.edu', '+559924046345'),
(298, 'Aksel', 'Cossor', 'acossor89@businessinsider.com', '+865957653733'),
(299, 'Darrel', 'Huddlestone', 'dhuddlestone8a@dailymail.co.uk', '+963908837438'),
(300, 'Farlee', 'Christophersen', 'fchristophersen8b@arstechnica.com', '+867485988890'),
(301, 'Liza', 'Arndtsen', 'larndtsen8c@ed.gov', '+869767715893'),
(302, 'Garnet', 'Cinderey', 'gcinderey8d@google.es', '+420146335984'),
(303, 'Aleda', 'Dockery', 'adockery8e@acquirethisname.com', '+234609158731'),
(304, 'Sharai', 'Millan', 'smillan8f@themeforest.net', '+227500604907'),
(305, 'Brett', 'Shaw', 'bshaw8g@abc.net.au', '+865622540220'),
(306, 'Edlin', 'Kelloch', 'ekelloch8h@simplemachines.org', '+264227437098'),
(307, 'Malva', 'Morsey', 'mmorsey8i@ifeng.com', '+880610328239'),
(308, 'Kamillah', 'Huyghe', 'khuyghe8j@reference.com', '+370930361309'),
(309, 'Zabrina', 'Caughtry', 'zcaughtry8k@stumbleupon.com', '+525018496785'),
(310, 'Falkner', 'Callam', 'fcallam8l@uiuc.edu', '+483527054098'),
(311, 'Helyn', 'Friel', 'hfriel8m@jiathis.com', '+626728404229'),
(312, 'Stephi', 'Skelding', 'sskelding8n@alibaba.com', '+869031324016'),
(313, 'Annelise', 'Throssell', 'athrossell8o@columbia.edu', '+231346954642'),
(314, 'Elinore', 'Loggie', 'eloggie8p@reference.com', '+661608378407'),
(315, 'Lucian', 'Jeandot', 'ljeandot8q@disqus.com', '+507496961705'),
(316, 'Prue', 'Tapsell', 'ptapsell8r@dmoz.org', '+349074799633'),
(317, 'Pandora', 'Ludgrove', 'pludgrove8s@quantcast.com', '+623889501610'),
(318, 'Chancey', 'Kas', 'ckas8t@google.com', '+869932714177'),
(319, 'Bernard', 'Snoad', 'bsnoad8u@usda.gov', '+667987107706'),
(320, 'Hildagarde', 'Logie', 'hlogie8v@123-reg.co.uk', '+632762677785'),
(321, 'Patrica', 'Green', 'pgreen8w@reverbnation.com', '+869645739092'),
(322, 'Bab', 'Couper', 'bcouper8x@hexun.com', '+664924982919'),
(323, 'Louisa', 'Whitchurch', 'lwhitchurch8y@fotki.com', '+254928492355'),
(324, 'Shelli', 'Widdowes', 'swiddowes8z@yale.edu', '+861995211964'),
(325, 'Loise', 'Richardeau', 'lrichardeau90@youtube.com', '+230245272227'),
(326, 'Winslow', 'Shemilt', 'wshemilt91@bluehost.com', '+351171733257'),
(327, 'Marianne', 'Moberley', 'mmoberley92@sphinn.com', '+866823249769'),
(328, 'Zak', 'Tarbath', 'ztarbath93@noaa.gov', '+420969899588'),
(329, 'Rae', 'Harome', 'rharome94@washingtonpost.com', '+868122786478'),
(330, 'Monika', 'Ludlom', 'mludlom95@umich.edu', '+624697696922'),
(331, 'Rutherford', 'Lune', 'rlune96@4shared.com', '+269981700459'),
(332, 'Rowland', 'Langridge', 'rlangridge97@businessinsider.com', '+544296273810'),
(333, 'Gerick', 'Guidotti', 'gguidotti98@bing.com', '+556819972149'),
(334, 'Stanford', 'Jaumet', 'sjaumet99@ucoz.ru', '+637041218139'),
(335, 'Skelly', 'Chicotti', 'schicotti9a@chicagotribune.com', '+382202888065'),
(336, 'Avram', 'Sabatier', 'asabatier9b@exblog.jp', '+861581761450'),
(337, 'Debora', 'Legat', 'dlegat9c@technorati.com', '+527927985157'),
(338, 'Cal', 'Sawforde', 'csawforde9d@newsvine.com', '+862198378012'),
(339, 'Miguela', 'Valett', 'mvalett9e@mashable.com', '+632334877170'),
(340, 'Fianna', 'Whittington', 'fwhittington9f@comsenz.com', '+225964105972'),
(341, 'Madeline', 'Turgoose', 'mturgoose9g@yale.edu', '+226702458302'),
(342, 'Odessa', 'Moyer', 'omoyer9h@51.la', '+208945906663'),
(343, 'Oliviero', 'Lawfull', 'olawfull9i@seesaa.net', '+937944025296'),
(344, 'Chrissy', 'Holde', 'cholde9j@walmart.com', '+864534680097'),
(345, 'Sosanna', 'Sparry', 'ssparry9k@yandex.ru', '+461059297167'),
(346, 'Laurence', 'Maeer', 'lmaeer9l@unesco.org', '+487388255486'),
(347, 'Homere', 'Greenrod', 'hgreenrod9m@tinyurl.com', '+351776576149'),
(348, 'Jonah', 'Tann', 'jtann9n@bluehost.com', '+15022904170'),
(349, 'Raimund', 'Reavey', 'rreavey9o@army.mil', '+554765904035'),
(350, 'Milo', 'McCraine', 'mmccraine9p@com.com', '+78301268151'),
(351, 'Tom', 'Boyle', 'tboyle9q@rediff.com', '+71993154330'),
(352, 'Hewe', 'Tuddall', 'htuddall9r@istockphoto.com', '+71174000138'),
(353, 'Godfree', 'Margiotta', 'gmargiotta9s@reverbnation.com', '+333893902475'),
(354, 'Loralyn', 'Dumbare', 'ldumbare9t@cdbaby.com', '+865501519033'),
(355, 'Amara', 'O\'Dreain', 'aodreain9u@theatlantic.com', '+621907170190'),
(356, 'Kerianne', 'Blaschek', 'kblaschek9v@jalbum.net', '+862109973158'),
(357, 'Karina', 'Stillmann', 'kstillmann9w@nydailynews.com', '+639183365720'),
(358, 'Tremaine', 'Dreakin', 'tdreakin9x@yahoo.co.jp', '+587809353264'),
(359, 'Marys', 'MacVanamy', 'mmacvanamy9y@discovery.com', '+485738913945'),
(360, 'Ignazio', 'Stidever', 'istidever9z@tumblr.com', '+505131976626'),
(361, 'Meryl', 'Goligly', 'mgoliglya0@printfriendly.com', '+525608787550'),
(362, 'Ruperta', 'Topham', 'rtophama1@dedecms.com', '+502752391061'),
(363, 'Wallie', 'Buchan', 'wbuchana2@illinois.edu', '+333241788838'),
(364, 'Chester', 'Farren', 'cfarrena3@wikipedia.org', '+625036038217'),
(365, 'Vivyanne', 'Callacher', 'vcallachera4@histats.com', '+359748490616'),
(366, 'Roanne', 'Attrey', 'rattreya5@latimes.com', '+629456266820'),
(367, 'Estele', 'Dorre', 'edorrea6@msu.edu', '+814589763265'),
(368, 'Gabbi', 'Giacomasso', 'ggiacomassoa7@nyu.edu', '+466894047372'),
(369, 'Gisella', 'Wyon', 'gwyona8@house.gov', '+420962448662'),
(370, 'Danya', 'Roast', 'droasta9@epa.gov', '+569512694759'),
(371, 'Carilyn', 'Bagott', 'cbagottaa@baidu.com', '+18217085804'),
(372, 'Thebault', 'Waber', 'twaberab@myspace.com', '+866214407749'),
(373, 'Rab', 'Tartt', 'rtarttac@nhs.uk', '+869174352887'),
(374, 'Ade', 'Hugk', 'ahugkad@de.vu', '+473342023811'),
(375, 'Kate', 'Allcoat', 'kallcoatae@privacy.gov.au', '+301052887050'),
(376, 'June', 'Logue', 'jlogueaf@amazonaws.com', '+632623947850'),
(377, 'Grannie', 'McKibben', 'gmckibbenag@dailymail.co.uk', '+269321635979'),
(378, 'Erminia', 'Brewitt', 'ebrewittah@toplist.cz', '+868844704611'),
(379, 'Kailey', 'Robroe', 'krobroeai@bizjournals.com', '+17811738376'),
(380, 'Dewey', 'Hirthe', 'dhirtheaj@netscape.com', '+380546235108'),
(381, 'Phil', 'Schukert', 'pschukertak@xinhuanet.com', '+868475236597'),
(382, 'Charil', 'St. John', 'cstjohnal@constantcontact.com', '+632965128119'),
(383, 'Essie', 'Caghan', 'ecaghanam@netscape.com', '+867229515017'),
(384, 'Belvia', 'Cristofaro', 'bcristofaroan@nps.gov', '+847703038220'),
(385, 'Virgina', 'Clougher', 'vclougherao@feedburner.com', '+993539452562'),
(386, 'Ranique', 'Cordrey', 'rcordreyap@umich.edu', '+867727498336'),
(387, 'Orsa', 'Polamontayne', 'opolamontayneaq@amazonaws.com', '+420741702432'),
(388, 'Nonnah', 'Brambley', 'nbrambleyar@shop-pro.jp', '+868758417057'),
(389, 'Reginald', 'Stare', 'rstareas@newsvine.com', '+622431865320'),
(390, 'Dita', 'Alldread', 'dalldreadat@imageshack.us', '+665016618890'),
(391, 'Evelin', 'Eltringham', 'eeltringhamau@microsoft.com', '+484554592838'),
(392, 'Chickie', 'Gringley', 'cgringleyav@gmpg.org', '+420749902840'),
(393, 'Tiff', 'Wrigley', 'twrigleyaw@mit.edu', '+939689712171'),
(394, 'Alla', 'Worley', 'aworleyax@army.mil', '+864369744119'),
(395, 'Leyla', 'Sugar', 'lsugaray@geocities.jp', '+868927074219'),
(396, 'Adam', 'Pain', 'apainaz@goo.ne.jp', '+863336034671'),
(397, 'Pammy', 'Vesty', 'pvestyb0@google.com.au', '+866312169626'),
(398, 'Gordie', 'Pink', 'gpinkb1@cyberchimps.com', '+351172879153'),
(399, 'Sadye', 'O\'Cahsedy', 'socahsedyb2@cbslocal.com', '+381453836434'),
(400, 'Ana', 'Caustic', 'acausticb3@unicef.org', '+380659683482'),
(401, 'Nani', 'Ralfe', 'nralfeb4@nytimes.com', '+71285795002'),
(402, 'Rikki', 'Roelofsen', 'rroelofsenb5@princeton.edu', '+398054126125'),
(403, 'Catriona', 'Bunney', 'cbunneyb6@elegantthemes.com', '+811498001445'),
(404, 'Ethelbert', 'Nattriss', 'enattrissb7@time.com', '+79186136058'),
(405, 'Kristo', 'Raggles', 'kragglesb8@europa.eu', '+216150675625'),
(406, 'Walton', 'Jacobowicz', 'wjacobowiczb9@cnbc.com', '+623163667307'),
(407, 'Leslie', 'Elwin', 'lelwinba@amazonaws.com', '+78381201787'),
(408, 'Ilario', 'Diggin', 'idigginbb@printfriendly.com', '+75739941111'),
(409, 'Aurie', 'Waitland', 'awaitlandbc@deviantart.com', '+76043713604'),
(410, 'Tim', 'Jacquemet', 'tjacquemetbd@yolasite.com', '+628177692804'),
(411, 'Kacey', 'Halvosen', 'khalvosenbe@google.com', '+78487459200'),
(412, 'Sharla', 'Grenshiels', 'sgrenshielsbf@indiatimes.com', '+512953973800'),
(413, 'Andris', 'Dadds', 'adaddsbg@state.tx.us', '+489715767461'),
(414, 'Rosamond', 'McGray', 'rmcgraybh@e-recht24.de', '+547742069181'),
(415, 'Dani', 'Farny', 'dfarnybi@census.gov', '+622317438088'),
(416, 'Reinwald', 'Allner', 'rallnerbj@utexas.edu', '+16157015062'),
(417, 'Maritsa', 'Gonnard', 'mgonnardbk@wp.com', '+358871672865'),
(418, 'Tildi', 'Brimley', 'tbrimleybl@nps.gov', '+373894214230'),
(419, 'Dall', 'Bonds', 'dbondsbm@privacy.gov.au', '+351264337655'),
(420, 'Marlin', 'Janowicz', 'mjanowiczbn@bandcamp.com', '+866286930149'),
(421, 'Tildie', 'Levane', 'tlevanebo@miitbeian.gov.cn', '+863743532149'),
(422, 'Dennie', 'Francke', 'dfranckebp@netscape.com', '+542359674526'),
(423, 'Steven', 'Skitt', 'sskittbq@amazon.co.jp', '+624681893396'),
(424, 'Luisa', 'Snelle', 'lsnellebr@blogs.com', '+862503685006'),
(425, 'Barnebas', 'Catley', 'bcatleybs@youku.com', '+869092363699'),
(426, 'Nobie', 'Bestwerthick', 'nbestwerthickbt@seattletimes.com', '+593699271703'),
(427, 'Sandro', 'Hurche', 'shurchebu@ezinearticles.com', '+629996010410'),
(428, 'Benetta', 'Conochie', 'bconochiebv@cdbaby.com', '+301883103343'),
(429, 'Anny', 'Yukhov', 'ayukhovbw@nih.gov', '+76385803778'),
(430, 'Malena', 'Baglan', 'mbaglanbx@fastcompany.com', '+632517325718'),
(431, 'Deerdre', 'Mugford', 'dmugfordby@wix.com', '+75524186625'),
(432, 'Desmond', 'Hadfield', 'dhadfieldbz@youtube.com', '+274884974862'),
(433, 'Christie', 'Durdy', 'cdurdyc0@upenn.edu', '+639977735185'),
(434, 'Cass', 'Conkay', 'cconkayc1@addtoany.com', '+380519894207'),
(435, 'Dudley', 'Ousby', 'dousbyc2@csmonitor.com', '+358517413023'),
(436, 'Richmond', 'Backshell', 'rbackshellc3@theglobeandmail.com', '+863772077528'),
(437, 'Marthe', 'Armes', 'marmesc4@usatoday.com', '+625848864610'),
(438, 'Don', 'Chadderton', 'dchaddertonc5@yelp.com', '+79095192700'),
(439, 'Barbee', 'Tipens', 'btipensc6@guardian.co.uk', '+631216019485'),
(440, 'Lilly', 'Bernade', 'lbernadec7@lulu.com', '+358372473493'),
(441, 'Karee', 'Clayill', 'kclayillc8@odnoklassniki.ru', '+865964002143'),
(442, 'Hanni', 'Kleinplac', 'hkleinplacc9@yahoo.co.jp', '+861664090096'),
(443, 'Marijo', 'Tomsett', 'mtomsettca@ezinearticles.com', '+864415672045'),
(444, 'Kellina', 'Cumes', 'kcumescb@wsj.com', '+74301011106'),
(445, 'Avie', 'Cook', 'acookcc@bloomberg.com', '+966712409250'),
(446, 'Town', 'Buckston', 'tbuckstoncd@netscape.com', '+461472509991'),
(447, 'Estele', 'Sivyer', 'esivyerce@scribd.com', '+332783301407'),
(448, 'Jerrine', 'Hatrey', 'jhatreycf@wordpress.org', '+631156736973'),
(449, 'Thane', 'Edlyn', 'tedlyncg@csmonitor.com', '+866793073771'),
(450, 'Lilia', 'Midford', 'lmidfordch@arizona.edu', '+956083164593'),
(451, 'Roi', 'Venables', 'rvenablesci@wikipedia.org', '+512122021179'),
(452, 'Thea', 'Hanshawe', 'thanshawecj@seesaa.net', '+861446974201'),
(453, 'Roy', 'Quade', 'rquadeck@merriam-webster.com', '+663262339377'),
(454, 'Jayme', 'Breckwell', 'jbreckwellcl@state.gov', '+595975459851'),
(455, 'Kelsey', 'Santer', 'ksantercm@nymag.com', '+551427368383'),
(456, 'Aubrette', 'Dignum', 'adignumcn@surveymonkey.com', '+351847498594'),
(457, 'Marge', 'Barks', 'mbarksco@princeton.edu', '+963598118675'),
(458, 'Amalea', 'Hartopp', 'ahartoppcp@csmonitor.com', '+626326678024'),
(459, 'Artie', 'Rabbet', 'arabbetcq@ftc.gov', '+934062588863'),
(460, 'Merrick', 'Espie', 'mespiecr@youtu.be', '+967825454084'),
(461, 'Charmian', 'Espinheira', 'cespinheiracs@omniture.com', '+626658953047'),
(462, 'Freddie', 'Espadero', 'fespaderoct@themeforest.net', '+625923384334'),
(463, 'Agnese', 'Ronca', 'aroncacu@slideshare.net', '+241959450614'),
(464, 'Illa', 'Christofor', 'ichristoforcv@geocities.com', '+339888594199'),
(465, 'Tedi', 'Geertsen', 'tgeertsencw@nature.com', '+542799620795'),
(466, 'Parsifal', 'Kloser', 'pklosercx@vkontakte.ru', '+387164446669'),
(467, 'Boothe', 'Steenson', 'bsteensoncy@kickstarter.com', '+994857286539'),
(468, 'Kip', 'Kepp', 'kkeppcz@arizona.edu', '+866381409243'),
(469, 'Trish', 'Lewerenz', 'tlewerenzd0@weather.com', '+691258151158'),
(470, 'Olympia', 'Count', 'ocountd1@digg.com', '+13184157028'),
(471, 'Cassandry', 'Dermott', 'cdermottd2@tamu.edu', '+420840456848'),
(472, 'Regan', 'Southcombe', 'rsouthcombed3@businesswire.com', '+861775233183'),
(473, 'Brendis', 'Wormstone', 'bwormstoned4@statcounter.com', '+276023015858'),
(474, 'Anthia', 'Gosneye', 'agosneyed5@clickbank.net', '+572807425315'),
(475, 'Lorry', 'Bernardotti', 'lbernardottid6@fc2.com', '+863568457275'),
(476, 'Biddy', 'Deakins', 'bdeakinsd7@de.vu', '+629574363193'),
(477, 'Andonis', 'Oattes', 'aoattesd8@desdev.cn', '+420859338163'),
(478, 'Launce', 'Jerrom', 'ljerromd9@163.com', '+861623314164'),
(479, 'Gard', 'Churchyard', 'gchurchyardda@usda.gov', '+624782643903'),
(480, 'Everett', 'Poppleston', 'epopplestondb@home.pl', '+549658910330'),
(481, 'Norby', 'Nutten', 'nnuttendc@bluehost.com', '+351177594177'),
(482, 'Christoper', 'Tasseler', 'ctasselerdd@psu.edu', '+967935436722'),
(483, 'Ethelin', 'Bontein', 'ebonteinde@webmd.com', '+338051090322'),
(484, 'Bethany', 'Woodland', 'bwoodlanddf@google.fr', '+543221630283'),
(485, 'Marni', 'Minette', 'mminettedg@ox.ac.uk', '+994113587521'),
(486, 'Gayler', 'Swaine', 'gswainedh@census.gov', '+521668533094'),
(487, 'Britney', 'McQuie', 'bmcquiedi@hhs.gov', '+17189858363'),
(488, 'Rozanna', 'Rutt', 'rruttdj@slideshare.net', '+862295988957'),
(489, 'Eimile', 'Vermer', 'evermerdk@wikipedia.org', '+867072866291'),
(490, 'Vincent', 'Pipe', 'vpipedl@ycombinator.com', '+487752277332'),
(491, 'Orv', 'Trounce', 'otrouncedm@typepad.com', '+464812326315'),
(492, 'Glynda', 'Bresner', 'gbresnerdn@usnews.com', '+963734482277'),
(493, 'Gilbertina', 'Castellino', 'gcastellinodo@skype.com', '+866363502227'),
(494, 'Morgun', 'Pinkie', 'mpinkiedp@multiply.com', '+868492306779'),
(495, 'Morry', 'Lawrenson', 'mlawrensondq@webnode.com', '+633057398291'),
(496, 'Edgar', 'Gunbie', 'egunbiedr@jalbum.net', '+664311309712'),
(497, 'Sadye', 'Mawhinney', 'smawhinneyds@craigslist.org', '+385599645163'),
(498, 'Ebeneser', 'Mackin', 'emackindt@smh.com.au', '+547963918198'),
(499, 'Neill', 'Hunnam', 'nhunnamdu@cbslocal.com', '+861478604615'),
(500, 'Richy', 'Wonfar', 'rwonfardv@about.com', '+78036798052'),
(501, 'Kerby', 'Nairns', 'knairnsdw@chron.com', '+525491292091'),
(502, 'Renie', 'Tytler', 'rtytlerdx@ox.ac.uk', '+469879348927'),
(503, 'Jacobo', 'Verbeek', 'jverbeekdy@ask.com', '+625727834226'),
(504, 'Florence', 'Huggin', 'fhuggindz@themeforest.net', '+261373127368'),
(505, 'Lavinie', 'Overbury', 'loverburye0@taobao.com', '+552659526065'),
(506, 'Kelcey', 'Bigham', 'kbighame1@unicef.org', '+208822426344'),
(507, 'Gigi', 'Steptoe', 'gsteptoee2@cisco.com', '+995824940340'),
(508, 'Merilee', 'Whelpton', 'mwhelptone3@google.pl', '+351424515112'),
(509, 'Blaine', 'Boutflour', 'bboutfloure4@so-net.ne.jp', '+472555608456'),
(510, 'Uta', 'Bathersby', 'ubathersbye5@exblog.jp', '+481416194927'),
(511, 'Zaccaria', 'Whannel', 'zwhannele6@pagesperso-orange.fr', '+621451809872'),
(512, 'Graig', 'Brailey', 'gbraileye7@nih.gov', '+667545203963'),
(513, 'Shaine', 'Bresson', 'sbressone8@bandcamp.com', '+556701109398'),
(514, 'Vivie', 'Kybird', 'vkybirde9@is.gd', '+864614712815'),
(515, 'Leandra', 'Wholesworth', 'lwholesworthea@amazon.co.uk', '+256686383329'),
(516, 'Mattie', 'Kalaher', 'mkalahereb@uol.com.br', '+351272380861'),
(517, 'Mycah', 'Brownsill', 'mbrownsillec@hostgator.com', '+628511127998'),
(518, 'Ranice', 'Bennallck', 'rbennallcked@pen.io', '+665139553537'),
(519, 'Husain', 'Galgey', 'hgalgeyee@tuttocitta.it', '+359548845108'),
(520, 'Claudelle', 'Scalera', 'cscaleraef@meetup.com', '+333573284972'),
(521, 'Cookie', 'Bullar', 'cbullareg@loc.gov', '+506724747022'),
(522, 'Angelia', 'Baford', 'abafordeh@wisc.edu', '+358316452056'),
(523, 'Agnola', 'Faircliffe', 'afaircliffeei@auda.org.au', '+862526528968'),
(524, 'Claudie', 'Griffiths', 'cgriffithsej@cbsnews.com', '+532597246973'),
(525, 'Blisse', 'Morcom', 'bmorcomek@businessweek.com', '+525358875261'),
(526, 'Locke', 'Santino', 'lsantinoel@cyberchimps.com', '+73575419362'),
(527, 'Tris', 'Sargeaunt', 'tsargeauntem@yandex.ru', '+338234914977'),
(528, 'Hali', 'Oakhill', 'hoakhillen@canalblog.com', '+861391622890'),
(529, 'Aline', 'Bunnell', 'abunnelleo@ucoz.ru', '+72715737367'),
(530, 'Gill', 'O Mullen', 'gomullenep@hc360.com', '+862969627148'),
(531, 'Nissa', 'Andover', 'nandovereq@umich.edu', '+814201223682'),
(532, 'Gerry', 'Banner', 'gbannerer@tinypic.com', '+304955065153'),
(533, 'Claudian', 'O\'Connor', 'coconnores@behance.net', '+556473681598'),
(534, 'Gael', 'Skinner', 'gskinneret@etsy.com', '+420313809563'),
(535, 'Franchot', 'Talloe', 'ftalloeeu@wunderground.com', '+13259894188'),
(536, 'Lacey', 'McLellan', 'lmclellanev@theatlantic.com', '+515758933210'),
(537, 'Elston', 'O\'Cahsedy', 'eocahsedyew@webs.com', '+355939875777'),
(538, 'Aurie', 'Shallcross', 'ashallcrossex@amazon.co.jp', '+819646012409'),
(539, 'Janet', 'Olivia', 'joliviaey@zdnet.com', '+638523100152'),
(540, 'Enrichetta', 'Fortin', 'efortinez@hostgator.com', '+862443681828'),
(541, 'Leisha', 'Bestman', 'lbestmanf0@ibm.com', '+351123378153'),
(542, 'Octavius', 'Elcom', 'oelcomf1@prweb.com', '+622053966360'),
(543, 'Tally', 'Miliffe', 'tmiliffef2@multiply.com', '+865652664188'),
(544, 'Zaccaria', 'Bissell', 'zbissellf3@over-blog.com', '+621039939189'),
(545, 'Ninnette', 'Spore', 'nsporef4@fc2.com', '+331746751500'),
(546, 'Bentley', 'Solley', 'bsolleyf5@w3.org', '+557649059333'),
(547, 'Merola', 'Plott', 'mplottf6@forbes.com', '+863994720047'),
(548, 'Sandro', 'Warmington', 'swarmingtonf7@mashable.com', '+75862562299'),
(549, 'Bil', 'Waryk', 'bwarykf8@princeton.edu', '+627144863527'),
(550, 'Ignacio', 'Bosden', 'ibosdenf9@myspace.com', '+963704433968'),
(551, 'Gratia', 'Winstanley', 'gwinstanleyfa@uol.com.br', '+269957747873'),
(552, 'Kaylil', 'Denmead', 'kdenmeadfb@miibeian.gov.cn', '+525204315766'),
(553, 'Lorrin', 'Askew', 'laskewfc@ted.com', '+483321070257'),
(554, 'Bamby', 'Wales', 'bwalesfd@1688.com', '+626795288304'),
(555, 'Oswell', 'Halcro', 'ohalcrofe@barnesandnoble.com', '+516495923270'),
(556, 'Sinclare', 'Cayser', 'scayserff@mediafire.com', '+639744851295'),
(557, 'Waldon', 'Turvie', 'wturviefg@slate.com', '+272929008365'),
(558, 'Tilda', 'Wickham', 'twickhamfh@oakley.com', '+261171289446'),
(559, 'Tabb', 'Borghese', 'tborghesefi@vimeo.com', '+230894185023'),
(560, 'Denna', 'Doxey', 'ddoxeyfj@oakley.com', '+262339851193'),
(561, 'Wendy', 'Bartholomaus', 'wbartholomausfk@vistaprint.com', '+862646714962'),
(562, 'Hurleigh', 'Paike', 'hpaikefl@ehow.com', '+625537427351'),
(563, 'Michal', 'Flaxman', 'mflaxmanfm@yandex.ru', '+863802973132'),
(564, 'Carissa', 'Fetherstan', 'cfetherstanfn@state.gov', '+543015248375'),
(565, 'Ruthe', 'Twidale', 'rtwidalefo@barnesandnoble.com', '+624649465983'),
(566, 'Nessa', 'Tibbits', 'ntibbitsfp@usnews.com', '+869583355522'),
(567, 'Alexis', 'Rapa', 'arapafq@washington.edu', '+868563247872'),
(568, 'Tito', 'Kimbley', 'tkimbleyfr@ft.com', '+420810798547'),
(569, 'Cecilio', 'MacNeice', 'cmacneicefs@nsw.gov.au', '+869114404284'),
(570, 'Moshe', 'Trever', 'mtreverft@msu.edu', '+629319106180'),
(571, 'Ozzy', 'Toplis', 'otoplisfu@goo.ne.jp', '+72227979522'),
(572, 'Lorilyn', 'Tring', 'ltringfv@discuz.net', '+865579579408'),
(573, 'Clim', 'Manueau', 'cmanueaufw@mlb.com', '+928967855223'),
(574, 'Katharina', 'Nehls', 'knehlsfx@china.com.cn', '+479836838832'),
(575, 'Dory', 'Iacapucci', 'diacapuccify@histats.com', '+306754836087'),
(576, 'Cornie', 'Mottini', 'cmottinifz@amazon.co.uk', '+623386648230'),
(577, 'Lana', 'Bremen', 'lbremeng0@businesswire.com', '+815371257392'),
(578, 'Nealson', 'Flavelle', 'nflavelleg1@usnews.com', '+850286713917'),
(579, 'Thoma', 'Beels', 'tbeelsg2@psu.edu', '+624656806407'),
(580, 'Yves', 'McNirlan', 'ymcnirlang3@google.com.au', '+867685098874'),
(581, 'Bendix', 'Burhill', 'bburhillg4@wordpress.org', '+72063480345'),
(582, 'Trude', 'Hugland', 'thuglandg5@ebay.com', '+967980747981'),
(583, 'Helaine', 'Lenahan', 'hlenahang6@shinystat.com', '+621198052880'),
(584, 'Neville', 'Crowder', 'ncrowderg7@elegantthemes.com', '+866778790219'),
(585, 'Dominga', 'Vamplus', 'dvamplusg8@opera.com', '+970801810673'),
(586, 'Bride', 'Horsewood', 'bhorsewoodg9@sbwire.com', '+492545174791'),
(587, 'Corri', 'Buessen', 'cbuessenga@hc360.com', '+464155077331'),
(588, 'Jami', 'Murdoch', 'jmurdochgb@whitehouse.gov', '+75237917896'),
(589, 'Welbie', 'Inglefield', 'winglefieldgc@tiny.cc', '+385805582005'),
(590, 'Bekki', 'Happert', 'bhappertgd@diigo.com', '+489476143122'),
(591, 'Brnaby', 'Guildford', 'bguildfordge@pbs.org', '+864072933647'),
(592, 'Adele', 'Dikle', 'adiklegf@pinterest.com', '+628155207937'),
(593, 'Nisse', 'Ommundsen', 'nommundsengg@intel.com', '+867479794595'),
(594, 'Markos', 'Bambery', 'mbamberygh@blogger.com', '+866821956992'),
(595, 'Roddie', 'Carlisi', 'rcarlisigi@shutterfly.com', '+420449779480'),
(596, 'Helge', 'McAloren', 'hmcalorengj@hhs.gov', '+626376094160'),
(597, 'Allayne', 'Woakes', 'awoakesgk@php.net', '+864232163890'),
(598, 'Tani', 'Child', 'tchildgl@yellowbook.com', '+485518231385'),
(599, 'Aleksandr', 'Tilberry', 'atilberrygm@wikipedia.org', '+863334918188'),
(600, 'Nikita', 'Densham', 'ndenshamgn@smugmug.com', '+828772477460'),
(601, 'Vitoria', 'Aitkin', 'vaitkingo@google.nl', '+548599851918'),
(602, 'Henrieta', 'Coneron', 'hconerongp@weather.com', '+865185944100'),
(603, 'Gladys', 'Brinkley', 'gbrinkleygq@woothemes.com', '+628479380720'),
(604, 'Olimpia', 'Zannelli', 'ozannelligr@sfgate.com', '+71738854632'),
(605, 'Koralle', 'Bleazard', 'kbleazardgs@theglobeandmail.com', '+509275958553'),
(606, 'Alma', 'Abreheart', 'aabreheartgt@howstuffworks.com', '+505407768377'),
(607, 'Marty', 'Hehir', 'mhehirgu@123-reg.co.uk', '+351475960815'),
(608, 'Dallon', 'Hesser', 'dhessergv@indiegogo.com', '+16187420959'),
(609, 'Kaitlin', 'Gigg', 'kgigggw@cbslocal.com', '+811348218338'),
(610, 'Quinta', 'Frigout', 'qfrigoutgx@yelp.com', '+864141111740'),
(611, 'Christoph', 'Assiter', 'cassitergy@mediafire.com', '+818199146231'),
(612, 'Iago', 'Broke', 'ibrokegz@indiegogo.com', '+371781465044'),
(613, 'Verine', 'Gatch', 'vgatchh0@examiner.com', '+992566963041'),
(614, 'Lanie', 'Soares', 'lsoaresh1@sbwire.com', '+381934349164'),
(615, 'Seymour', 'Twentyman', 'stwentymanh2@theguardian.com', '+14077676093'),
(616, 'Sande', 'Fynan', 'sfynanh3@dion.ne.jp', '+338921012699'),
(617, 'Shari', 'Fairbrass', 'sfairbrassh4@pcworld.com', '+420747492857'),
(618, 'Leonora', 'Cloute', 'lclouteh5@smugmug.com', '+488206067394'),
(619, 'Rosalinda', 'Gravells', 'rgravellsh6@nps.gov', '+998145909516'),
(620, 'Cosette', 'Shann', 'cshannh7@ftc.gov', '+385265648906'),
(621, 'Corrie', 'Maxweell', 'cmaxweellh8@ucsd.edu', '+670673282629'),
(622, 'Meris', 'Rochewell', 'mrochewellh9@globo.com', '+880754399950'),
(623, 'Trumann', 'Pippin', 'tpippinha@icio.us', '+864347844288'),
(624, 'Toddie', 'Elliott', 'telliotthb@ask.com', '+864387961205'),
(625, 'Angelique', 'Ornelas', 'aornelashc@lulu.com', '+13691748194'),
(626, 'Kalvin', 'Boarder', 'kboarderhd@usnews.com', '+74434817676'),
(627, 'Ravi', 'Benbow', 'rbenbowhe@vimeo.com', '+970956257062'),
(628, 'Ugo', 'Fieldhouse', 'ufieldhousehf@g.co', '+936389789110'),
(629, 'Bay', 'Mugg', 'bmugghg@comcast.net', '+385349848339'),
(630, 'Vonnie', 'Blazynski', 'vblazynskihh@bbc.co.uk', '+864451714536'),
(631, 'Hube', 'Itzhak', 'hitzhakhi@webmd.com', '+358292634426'),
(632, 'Jacki', 'Jonsson', 'jjonssonhj@dell.com', '+445353331099'),
(633, 'Bonnibelle', 'Leatherland', 'bleatherlandhk@dion.ne.jp', '+628619658543'),
(634, 'Modestia', 'Pischoff', 'mpischoffhl@bizjournals.com', '+628054787699'),
(635, 'Jyoti', 'Pinke', 'jpinkehm@google.ru', '+504932244453'),
(636, 'Betti', 'Garza', 'bgarzahn@pbs.org', '+593725232714'),
(637, 'Eadmund', 'Witherup', 'ewitherupho@yahoo.co.jp', '+634311488225'),
(638, 'Dudley', 'Strong', 'dstronghp@phoca.cz', '+866873438303'),
(639, 'Maryanne', 'Boffey', 'mboffeyhq@scientificamerican.com', '+507266846034'),
(640, 'Koo', 'Duddin', 'kduddinhr@diigo.com', '+624538652350'),
(641, 'Tiffy', 'Stubbley', 'tstubbleyhs@discuz.net', '+488166088957'),
(642, 'Shir', 'Grattan', 'sgrattanht@accuweather.com', '+242705777701'),
(643, 'Zaccaria', 'Beardall', 'zbeardallhu@home.pl', '+626732321216'),
(644, 'North', 'Lautie', 'nlautiehv@reverbnation.com', '+465476181987'),
(645, 'Geordie', 'Draisey', 'gdraiseyhw@infoseek.co.jp', '+420776762005'),
(646, 'Eldredge', 'Voss', 'evosshx@economist.com', '+71916260210'),
(647, 'Leela', 'Turfes', 'lturfeshy@mozilla.org', '+862539753018'),
(648, 'Lezley', 'Stapleton', 'lstapletonhz@ameblo.jp', '+593249701303'),
(649, 'Nicolette', 'Robbins', 'nrobbinsi0@nydailynews.com', '+655173371169'),
(650, 'Terrill', 'Vanyashin', 'tvanyashini1@github.io', '+627265439883'),
(651, 'Winnifred', 'Cartin', 'wcartini2@answers.com', '+370884234859'),
(652, 'Lannie', 'Glowach', 'lglowachi3@webnode.com', '+862291257182'),
(653, 'Phaedra', 'Whitman', 'pwhitmani4@gnu.org', '+864819694892'),
(654, 'Howie', 'Dabs', 'hdabsi5@cdbaby.com', '+482921759772'),
(655, 'Pooh', 'Newbigging', 'pnewbiggingi6@google.ca', '+814247827804'),
(656, 'Elsworth', 'Mussolini', 'emussolinii7@lycos.com', '+967344766489'),
(657, 'Shari', 'Pollock', 'spollocki8@nsw.gov.au', '+635429259603'),
(658, 'Albrecht', 'McNess', 'amcnessi9@wikimedia.org', '+504869527430'),
(659, 'Barbra', 'Joddins', 'bjoddinsia@dailymotion.com', '+867005628944'),
(660, 'Schuyler', 'Bills', 'sbillsib@hugedomains.com', '+628992904310'),
(661, 'Sabina', 'Wreak', 'swreakic@opera.com', '+232110276157'),
(662, 'Quincy', 'Orritt', 'qorrittid@cam.ac.uk', '+71208372321'),
(663, 'Alie', 'Kuhndel', 'akuhndelie@huffingtonpost.com', '+382330473191'),
(664, 'Meredith', 'Hagyard', 'mhagyardif@adobe.com', '+862698087691'),
(665, 'Gallagher', 'Benkhe', 'gbenkheig@weebly.com', '+661353596527'),
(666, 'Torie', 'Renney', 'trenneyih@telegraph.co.uk', '+962192952159'),
(667, 'Rustie', 'Sparks', 'rsparksii@comsenz.com', '+626522956859'),
(668, 'Pincas', 'Razzell', 'prazzellij@wikipedia.org', '+863925856015'),
(669, 'Kendricks', 'Colthard', 'kcolthardik@smugmug.com', '+818863761922'),
(670, 'Web', 'Rainsden', 'wrainsdenil@slideshare.net', '+464449339579'),
(671, 'Percy', 'Jahnig', 'pjahnigim@cnbc.com', '+866203813290'),
(672, 'Arabel', 'Atyea', 'aatyeain@mozilla.com', '+625409701958'),
(673, 'Stella', 'Lettuce', 'slettuceio@cpanel.net', '+868685709773'),
(674, 'Rozalie', 'Brownhill', 'rbrownhillip@gizmodo.com', '+970948410603'),
(675, 'Bryant', 'Burberry', 'bburberryiq@a8.net', '+12104830706'),
(676, 'Roddy', 'Davidescu', 'rdavidescuir@princeton.edu', '+819395145421'),
(677, 'Ramonda', 'Roycroft', 'rroycroftis@statcounter.com', '+637467791843'),
(678, 'Joey', 'Sholl', 'jshollit@netvibes.com', '+351180410188'),
(679, 'Roderigo', 'Reaney', 'rreaneyiu@a8.net', '+629795410935'),
(680, 'Rivy', 'Brinsford', 'rbrinsfordiv@dot.gov', '+223693405623'),
(681, 'Baldwin', 'Balleine', 'bballeineiw@discovery.com', '+869087901665'),
(682, 'Bob', 'Kohrsen', 'bkohrsenix@nytimes.com', '+237599138952'),
(683, 'Chevy', 'Sixsmith', 'csixsmithiy@usgs.gov', '+845134580837'),
(684, 'Danila', 'Philpott', 'dphilpottiz@stumbleupon.com', '+355395678565'),
(685, 'Elisabet', 'Sewley', 'esewleyj0@last.fm', '+623591295832'),
(686, 'Buddy', 'Cready', 'bcreadyj1@sina.com.cn', '+462351487068'),
(687, 'Kleon', 'Brownsmith', 'kbrownsmithj2@webs.com', '+933905406959'),
(688, 'Jimmie', 'Tort', 'jtortj3@yellowpages.com', '+254698227967'),
(689, 'Alika', 'Di Bartolomeo', 'adibartolomeoj4@pinterest.com', '+504117404535'),
(690, 'Craig', 'Ties', 'ctiesj5@craigslist.org', '+18623953934'),
(691, 'Ethelda', 'Shackle', 'eshacklej6@ucla.edu', '+76591604689'),
(692, 'Emmett', 'Foulsham', 'efoulshamj7@wordpress.com', '+345676916137'),
(693, 'Lin', 'Rapsey', 'lrapseyj8@de.vu', '+513506698035'),
(694, 'Celia', 'Symondson', 'csymondsonj9@berkeley.edu', '+869504167356'),
(695, 'Xerxes', 'Course', 'xcourseja@homestead.com', '+555265172957'),
(696, 'Alexio', 'Turfs', 'aturfsjb@live.com', '+75397692191'),
(697, 'Annora', 'Lacase', 'alacasejc@columbia.edu', '+79875514245'),
(698, 'Vonnie', 'Whawell', 'vwhawelljd@wisc.edu', '+380633764927'),
(699, 'Baird', 'Kingh', 'bkinghje@ted.com', '+333717220546'),
(700, 'Catriona', 'Holdey', 'choldeyjf@domainmarket.com', '+566339583332'),
(701, 'Clyve', 'O\'Hederscoll', 'cohederscolljg@rambler.ru', '+242211863395'),
(702, 'Lorain', 'Budden', 'lbuddenjh@cafepress.com', '+812555732517'),
(703, 'Vaughan', 'Cain', 'vcainji@ebay.co.uk', '+375825583058'),
(704, 'Sal', 'Yatman', 'syatmanjj@delicious.com', '+387873423803'),
(705, 'Ursula', 'Edwardson', 'uedwardsonjk@oracle.com', '+867445038436'),
(706, 'Donnell', 'Ferry', 'dferryjl@omniture.com', '+489155535612'),
(707, 'Basil', 'Grieg', 'bgriegjm@illinois.edu', '+75243979457'),
(708, 'Lucian', 'Isacsson', 'lisacssonjn@digg.com', '+74923081265'),
(709, 'Nikos', 'Larkkem', 'nlarkkemjo@redcross.org', '+336533927018'),
(710, 'Janelle', 'Bodega', 'jbodegajp@reference.com', '+863819363311'),
(711, 'Donavon', 'Wrighton', 'dwrightonjq@theglobeandmail.com', '+494948342853'),
(712, 'Mona', 'Curdell', 'mcurdelljr@alexa.com', '+13033849356'),
(713, 'Lyell', 'BoHlingolsen', 'lbohlingolsenjs@mlb.com', '+483708657866'),
(714, 'Charita', 'Cathersides', 'ccathersidesjt@linkedin.com', '+77468644572'),
(715, 'Carole', 'Pinkney', 'cpinkneyju@comcast.net', '+865554958718'),
(716, 'Othello', 'Critzen', 'ocritzenjv@creativecommons.org', '+922147018520'),
(717, 'Kania', 'Whatson', 'kwhatsonjw@i2i.jp', '+866533229803'),
(718, 'Dorena', 'Romagosa', 'dromagosajx@arizona.edu', '+861231481683'),
(719, 'Nance', 'Haggard', 'nhaggardjy@youku.com', '+226329256326'),
(720, 'Odelle', 'Dene', 'odenejz@sina.com.cn', '+372742589666'),
(721, 'Yorgos', 'McPhelimy', 'ymcphelimyk0@posterous.com', '+819997173719'),
(722, 'Thornton', 'Willeson', 'twillesonk1@fda.gov', '+623778804021'),
(723, 'Joey', 'Mulcahy', 'jmulcahyk2@ucoz.com', '+568332613797'),
(724, 'Adan', 'Glowacha', 'aglowachak3@usda.gov', '+964285231699'),
(725, 'Domini', 'Churchard', 'dchurchardk4@fastcompany.com', '+846376638783'),
(726, 'Alice', 'Virgo', 'avirgok5@usa.gov', '+862517225651'),
(727, 'Farris', 'Backhurst', 'fbackhurstk6@sina.com.cn', '+628675913211'),
(728, 'Emelda', 'Tousy', 'etousyk7@patch.com', '+862522153304'),
(729, 'Ellynn', 'Aubery', 'eauberyk8@bluehost.com', '+76817156052');
INSERT INTO `users` (`user_id`, `first_name`, `last_name`, `email`, `phone`) VALUES
(730, 'Dirk', 'Bosquet', 'dbosquetk9@reference.com', '+862345055401'),
(731, 'Gabriella', 'Hallihan', 'ghallihanka@nyu.edu', '+628739054889'),
(732, 'Gustave', 'De Mattia', 'gdemattiakb@angelfire.com', '+868012568542'),
(733, 'Mareah', 'Samett', 'msamettkc@sitemeter.com', '+420222785348'),
(734, 'Letitia', 'Ennion', 'lennionkd@gov.uk', '+868291004903'),
(735, 'Odilia', 'Alexsandrev', 'oalexsandrevke@japanpost.jp', '+237500847161'),
(736, 'Shoshana', 'Common', 'scommonkf@bluehost.com', '+998912904054'),
(737, 'Hewet', 'Tolhurst', 'htolhurstkg@angelfire.com', '+74004353051'),
(738, 'Nannie', 'Ragdale', 'nragdalekh@mtv.com', '+78974580498'),
(739, 'Egon', 'Hymus', 'ehymuski@biglobe.ne.jp', '+237473705443'),
(740, 'Ursala', 'MacVanamy', 'umacvanamykj@posterous.com', '+229482909961'),
(741, 'Elia', 'Heathcoat', 'eheathcoatkk@unicef.org', '+861358227907'),
(742, 'Sabra', 'Lightning', 'slightningkl@yahoo.com', '+314445679385'),
(743, 'Buddy', 'Howler', 'bhowlerkm@tamu.edu', '+593844367623'),
(744, 'Simonne', 'Dunkersley', 'sdunkersleykn@narod.ru', '+355973300469'),
(745, 'Mandi', 'Hennemann', 'mhennemannko@blogs.com', '+14075010090'),
(746, 'Almeda', 'Lait', 'alaitkp@uol.com.br', '+351528992558'),
(747, 'Thibaut', 'Clayill', 'tclayillkq@google.pl', '+624995876549'),
(748, 'Fianna', 'Linkie', 'flinkiekr@netvibes.com', '+862913677656'),
(749, 'Laurens', 'De Lacey', 'ldelaceyks@ft.com', '+625892102331'),
(750, 'Base', 'Canham', 'bcanhamkt@rakuten.co.jp', '+339742233989'),
(751, 'Cletis', 'Longfoot', 'clongfootku@instagram.com', '+863379346257'),
(752, 'Madonna', 'Tumulty', 'mtumultykv@ca.gov', '+242391414417'),
(753, 'Jane', 'Pleat', 'jpleatkw@bloomberg.com', '+263615416857'),
(754, 'Piggy', 'Gerriessen', 'pgerriessenkx@woothemes.com', '+811001208698'),
(755, 'Philippine', 'Shave', 'pshaveky@hatena.ne.jp', '+932395278138'),
(756, 'Clementius', 'Broady', 'cbroadykz@arizona.edu', '+869815140916'),
(757, 'Thurstan', 'Leneham', 'tlenehaml0@xrea.com', '+333196257475'),
(758, 'Glenden', 'Alsopp', 'galsoppl1@sourceforge.net', '+868041007833'),
(759, 'Halimeda', 'Stawell', 'hstawelll2@blinklist.com', '+351909302288'),
(760, 'Nicholle', 'Chaster', 'nchasterl3@narod.ru', '+14464836166'),
(761, 'Raymund', 'Mollison', 'rmollisonl4@loc.gov', '+234773256446'),
(762, 'Hilliary', 'Pilipyak', 'hpilipyakl5@elpais.com', '+467657496117'),
(763, 'Rutledge', 'Chasney', 'rchasneyl6@toplist.cz', '+867662954621'),
(764, 'Bart', 'Fragino', 'bfraginol7@wsj.com', '+680295160594'),
(765, 'Veronique', 'Aveson', 'vavesonl8@examiner.com', '+864323272806'),
(766, 'Barnard', 'Baroc', 'bbarocl9@woothemes.com', '+544509487122'),
(767, 'Gilburt', 'Glasper', 'gglasperla@wordpress.org', '+420146981905'),
(768, 'Joane', 'Valerio', 'jvaleriolb@cmu.edu', '+389300293574'),
(769, 'Micaela', 'Wrettum', 'mwrettumlc@rambler.ru', '+818643824068'),
(770, 'Travus', 'Duigan', 'tduiganld@elegantthemes.com', '+16155363309'),
(771, 'Thorndike', 'McFater', 'tmcfaterle@fotki.com', '+442494627909'),
(772, 'Pamella', 'Crosscombe', 'pcrosscombelf@sphinn.com', '+464063482772'),
(773, 'Rosette', 'Moulton', 'rmoultonlg@t.co', '+335468489312'),
(774, 'Spense', 'Gibbon', 'sgibbonlh@twitter.com', '+967494910037'),
(775, 'Kandy', 'Neiland', 'kneilandli@bbc.co.uk', '+78748048916'),
(776, 'Valina', 'Realy', 'vrealylj@live.com', '+420366963352'),
(777, 'Liza', 'Philcock', 'lphilcocklk@hhs.gov', '+351420760464'),
(778, 'Harriette', 'Donoghue', 'hdonoghuell@oaic.gov.au', '+867816104508'),
(779, 'Walther', 'Dockrill', 'wdockrilllm@ca.gov', '+963272926139'),
(780, 'Bradly', 'Avrahamian', 'bavrahamianln@ihg.com', '+635568354043'),
(781, 'Hymie', 'Crickmer', 'hcrickmerlo@google.ca', '+632257378361'),
(782, 'Leone', 'Swainson', 'lswainsonlp@rambler.ru', '+255200315663'),
(783, 'Alane', 'Verty', 'avertylq@ow.ly', '+622977477869'),
(784, 'Sheba', 'Edwardson', 'sedwardsonlr@wikispaces.com', '+557953741729'),
(785, 'Hildagard', 'Hullock', 'hhullockls@census.gov', '+349407371904'),
(786, 'Stacy', 'Sanderson', 'ssandersonlt@usnews.com', '+472628438796'),
(787, 'Eugenie', 'Pioli', 'epiolilu@soup.io', '+12032212055'),
(788, 'Marshall', 'Feldberger', 'mfeldbergerlv@sciencedaily.com', '+625363246589'),
(789, 'Elysee', 'Blinman', 'eblinmanlw@soundcloud.com', '+77195201874'),
(790, 'Mirabel', 'Klaassens', 'mklaassenslx@vistaprint.com', '+625928644445'),
(791, 'Forrester', 'Learmouth', 'flearmouthly@accuweather.com', '+850327807124'),
(792, 'Edithe', 'Flinn', 'eflinnlz@mozilla.com', '+880457875280'),
(793, 'Merrill', 'Taffurelli', 'mtaffurellim0@webeden.co.uk', '+332596295668'),
(794, 'Shandeigh', 'Burkman', 'sburkmanm1@cnn.com', '+463969758383'),
(795, 'Eward', 'Eden', 'eedenm2@foxnews.com', '+621445187362'),
(796, 'Blisse', 'Jaulmes', 'bjaulmesm3@hatena.ne.jp', '+226274725403'),
(797, 'Camel', 'Cordery', 'ccorderym4@1und1.de', '+420231543439'),
(798, 'Sande', 'Iacobassi', 'siacobassim5@auda.org.au', '+626451265437'),
(799, 'Wilek', 'Prettejohns', 'wprettejohnsm6@slideshare.net', '+629311515303'),
(800, 'Jehu', 'Schwandermann', 'jschwandermannm7@4shared.com', '+970797383950'),
(801, 'Christiana', 'Masdon', 'cmasdonm8@thetimes.co.uk', '+863669686233'),
(802, 'Alameda', 'Russo', 'arussom9@quantcast.com', '+864249650330'),
(803, 'Dagny', 'Moodie', 'dmoodiema@sohu.com', '+921188374487'),
(804, 'Letizia', 'Pavkovic', 'lpavkovicmb@symantec.com', '+631603185151'),
(805, 'Gisella', 'Slyvester', 'gslyvestermc@jiathis.com', '+638053424830'),
(806, 'Broderic', 'Loveitt', 'bloveittmd@xrea.com', '+355689130887'),
(807, 'Allyn', 'Wagon', 'awagonme@163.com', '+420473900717'),
(808, 'Dollie', 'Jeckells', 'djeckellsmf@deliciousdays.com', '+420841660639'),
(809, 'Andris', 'Bollom', 'abollommg@ezinearticles.com', '+868477708988'),
(810, 'Margy', 'Lammert', 'mlammertmh@tripod.com', '+509276343764'),
(811, 'Ram', 'Curneen', 'rcurneenmi@163.com', '+386544153801'),
(812, 'Jennie', 'McIndrew', 'jmcindrewmj@zdnet.com', '+351794913809'),
(813, 'Lucy', 'Lathan', 'llathanmk@jugem.jp', '+372642806893'),
(814, 'Ashly', 'Jarrad', 'ajarradml@nature.com', '+17704733747'),
(815, 'Enrique', 'Neller', 'enellermm@blinklist.com', '+633004287615'),
(816, 'Jasun', 'Firpi', 'jfirpimn@vinaora.com', '+358660312431'),
(817, 'Frazer', 'Mardlin', 'fmardlinmo@bandcamp.com', '+232676372080'),
(818, 'Reynard', 'Klehyn', 'rklehynmp@squarespace.com', '+543993985167'),
(819, 'Jinny', 'Scammell', 'jscammellmq@miitbeian.gov.cn', '+868513210753'),
(820, 'Gena', 'Burnell', 'gburnellmr@harvard.edu', '+463521185328'),
(821, 'Gertrudis', 'Bhatia', 'gbhatiams@hp.com', '+351163836770'),
(822, 'Orin', 'Fearns', 'ofearnsmt@spiegel.de', '+307311314683'),
(823, 'Kayne', 'Gribbins', 'kgribbinsmu@blinklist.com', '+637656042589'),
(824, 'Basia', 'Nash', 'bnashmv@infoseek.co.jp', '+72744551378'),
(825, 'Etti', 'Kluss', 'eklussmw@ucoz.ru', '+623147341905'),
(826, 'Felicia', 'Stollberg', 'fstollbergmx@yahoo.co.jp', '+866116476114'),
(827, 'Berri', 'Mollindinia', 'bmollindiniamy@infoseek.co.jp', '+864555051979'),
(828, 'Bridgette', 'Schlag', 'bschlagmz@dion.ne.jp', '+216299210469'),
(829, 'Audy', 'Castaneda', 'acastanedan0@msu.edu', '+868392095269'),
(830, 'Nerti', 'Varah', 'nvarahn1@i2i.jp', '+16968444293'),
(831, 'Glynda', 'Merricks', 'gmerricksn2@soundcloud.com', '+622826222180'),
(832, 'Debee', 'Anfusso', 'danfusson3@gnu.org', '+663151652258'),
(833, 'Dareen', 'Carless', 'dcarlessn4@netlog.com', '+998693548372'),
(834, 'Rochella', 'Setterington', 'rsetteringtonn5@chicagotribune.com', '+556244601886'),
(835, 'Aldon', 'Faulo', 'afaulon6@state.gov', '+868549661364'),
(836, 'Deni', 'Carless', 'dcarlessn7@parallels.com', '+865639905764'),
(837, 'Cherlyn', 'Glasscock', 'cglasscockn8@wired.com', '+621534524346'),
(838, 'Torrin', 'Atchly', 'tatchlyn9@drupal.org', '+351978420662'),
(839, 'Lane', 'Cranstone', 'lcranstonena@foxnews.com', '+668377467316'),
(840, 'Salim', 'McNickle', 'smcnicklenb@domainmarket.com', '+861129586999'),
(841, 'Griz', 'Tolliday', 'gtollidaync@1und1.de', '+861074625893'),
(842, 'Christel', 'O\'Farris', 'cofarrisnd@huffingtonpost.com', '+626778260523'),
(843, 'Jerrine', 'Wanden', 'jwandenne@bigcartel.com', '+861521598211'),
(844, 'Bevin', 'Grendon', 'bgrendonnf@tamu.edu', '+255571644185'),
(845, 'Dottie', 'Shugg', 'dshuggng@baidu.com', '+420728838445'),
(846, 'Addy', 'Trenbey', 'atrenbeynh@51.la', '+867949617903'),
(847, 'Roze', 'Mincher', 'rmincherni@xrea.com', '+485269723201'),
(848, 'Phil', 'McWhinnie', 'pmcwhinnienj@irs.gov', '+358952404004'),
(849, 'Jamil', 'Nesey', 'jneseynk@elpais.com', '+869187000352'),
(850, 'Smitty', 'Gildersleeve', 'sgildersleevenl@forbes.com', '+938083257517'),
(851, 'Valli', 'Dolohunty', 'vdolohuntynm@gizmodo.com', '+420184798470'),
(852, 'Phineas', 'Goney', 'pgoneynn@ehow.com', '+420938235827'),
(853, 'Lianne', 'Ansty', 'lanstyno@ow.ly', '+464083080580'),
(854, 'Tarah', 'Jaulmes', 'tjaulmesnp@unicef.org', '+829302311794'),
(855, 'Gerry', 'Lukovic', 'glukovicnq@harvard.edu', '+869145390306'),
(856, 'Artair', 'Deaves', 'adeavesnr@youtube.com', '+307026982364'),
(857, 'Athena', 'Karpman', 'akarpmanns@tinyurl.com', '+209915961535'),
(858, 'Ferdy', 'Lockton', 'flocktonnt@sfgate.com', '+955429512336'),
(859, 'Bradan', 'Locock', 'blococknu@domainmarket.com', '+553937192186'),
(860, 'Michelina', 'Dunniom', 'mdunniomnv@china.com.cn', '+355696695346'),
(861, 'Jon', 'Elias', 'jeliasnw@meetup.com', '+865884058621'),
(862, 'Amye', 'Thomasset', 'athomassetnx@reverbnation.com', '+861807616732'),
(863, 'Yardley', 'Ellingworth', 'yellingworthny@hp.com', '+622371994437'),
(864, 'Tore', 'Pirnie', 'tpirnienz@privacy.gov.au', '+598730508993'),
(865, 'Mari', 'Sigert', 'msigerto0@usa.gov', '+511723485281'),
(866, 'Perri', 'Gawler', 'pgawlero1@loc.gov', '+861578221569'),
(867, 'Erv', 'Worvell', 'eworvello2@imageshack.us', '+578748824441'),
(868, 'Cull', 'Petrov', 'cpetrovo3@youku.com', '+865181309735'),
(869, 'Ruggiero', 'Stanbrooke', 'rstanbrookeo4@goodreads.com', '+864923952408'),
(870, 'Johannes', 'Rowell', 'jrowello5@telegraph.co.uk', '+866715786448'),
(871, 'Teddy', 'Ortell', 'tortello6@hibu.com', '+554647507764'),
(872, 'Cletus', 'Rowlson', 'crowlsono7@smh.com.au', '+558217311819'),
(873, 'Fidel', 'Polon', 'fpolono8@mozilla.org', '+386281818445'),
(874, 'Blondy', 'Joblin', 'bjoblino9@dagondesign.com', '+238295174472'),
(875, 'Katinka', 'Kitley', 'kkitleyoa@odnoklassniki.ru', '+72131669712'),
(876, 'Galina', 'Yurikov', 'gyurikovob@opera.com', '+866597629214'),
(877, 'Elyssa', 'Turbayne', 'eturbayneoc@psu.edu', '+868726784527'),
(878, 'Fons', 'Cluley', 'fcluleyod@fema.gov', '+638301741282'),
(879, 'Elbertina', 'Dowbekin', 'edowbekinoe@fc2.com', '+822743580320'),
(880, 'Alvera', 'Skermer', 'askermerof@howstuffworks.com', '+18432543259'),
(881, 'Jill', 'Oldcote', 'joldcoteog@salon.com', '+485115784388'),
(882, 'Haily', 'Longstaff', 'hlongstaffoh@ft.com', '+72494906464'),
(883, 'Anthony', 'Sims', 'asimsoi@seattletimes.com', '+559175806258'),
(884, 'Jill', 'Koles', 'jkolesoj@sina.com.cn', '+626945564939'),
(885, 'Robin', 'Lau', 'rlauok@eventbrite.com', '+862858745195'),
(886, 'Tito', 'Timny', 'ttimnyol@ycombinator.com', '+817147050116'),
(887, 'Myer', 'Leahy', 'mleahyom@hugedomains.com', '+15259558370'),
(888, 'Farra', 'Skeleton', 'fskeletonon@about.me', '+557425670043'),
(889, 'Caritta', 'Weekly', 'cweeklyoo@umn.edu', '+420855164357'),
(890, 'Lorilee', 'Tomasino', 'ltomasinoop@multiply.com', '+867825114688'),
(891, 'Noami', 'Glasscoo', 'nglasscoooq@bravesites.com', '+623956706442'),
(892, 'Andie', 'McNeill', 'amcneillor@mozilla.com', '+867913367383'),
(893, 'Lindy', 'Eltringham', 'leltringhamos@1688.com', '+868344560703'),
(894, 'Bevan', 'Gillingwater', 'bgillingwaterot@jiathis.com', '+692540515433'),
(895, 'Ibrahim', 'Wingrove', 'iwingroveou@marriott.com', '+75901792048'),
(896, 'Ruthi', 'Fender', 'rfenderov@yellowbook.com', '+864916756950'),
(897, 'Levi', 'MacKinnon', 'lmackinnonow@microsoft.com', '+626285101805'),
(898, 'Ambrosius', 'Moraleda', 'amoraledaox@opera.com', '+868896615122'),
(899, 'Jacinda', 'McKendry', 'jmckendryoy@wired.com', '+16997234654'),
(900, 'Konstantin', 'Mingey', 'kmingeyoz@digg.com', '+235153316374'),
(901, 'Viole', 'Wooffinden', 'vwooffindenp0@amazon.de', '+867255948715'),
(902, 'Candie', 'Adair', 'cadairp1@ehow.com', '+629455900821'),
(903, 'Hasheem', 'Revening', 'hreveningp2@e-recht24.de', '+537931204364'),
(904, 'Mikaela', 'Ashurst', 'mashurstp3@icq.com', '+77614386798'),
(905, 'Judi', 'Kayser', 'jkayserp4@patch.com', '+625832441318'),
(906, 'Eddy', 'Stroulger', 'estroulgerp5@reuters.com', '+466868604653'),
(907, 'Ted', 'Rosle', 'troslep6@addtoany.com', '+14847580909'),
(908, 'Cyb', 'Hacket', 'chacketp7@opera.com', '+495788655967'),
(909, 'Hadlee', 'Lound', 'hloundp8@dailymail.co.uk', '+595481342533'),
(910, 'Liv', 'Garvagh', 'lgarvaghp9@youtube.com', '+14026447496'),
(911, 'Murray', 'Meeron', 'mmeeronpa@xing.com', '+261973335386'),
(912, 'Duncan', 'Baulcombe', 'dbaulcombepb@e-recht24.de', '+73625403239'),
(913, 'Lucio', 'Hospital', 'lhospitalpc@jimdo.com', '+78232039136'),
(914, 'Burr', 'Tuminelli', 'btuminellipd@ucoz.com', '+519456038488'),
(915, 'Holt', 'Martello', 'hmartellope@etsy.com', '+502279580968'),
(916, 'Colene', 'Redwall', 'credwallpf@multiply.com', '+554932797195'),
(917, 'Vito', 'Hardy', 'vhardypg@mashable.com', '+677379813792'),
(918, 'Jilly', 'Brosio', 'jbrosioph@quantcast.com', '+862231543068'),
(919, 'Dalton', 'Earl', 'dearlpi@clickbank.net', '+249139138751'),
(920, 'Brnaby', 'Dobeson', 'bdobesonpj@theglobeandmail.com', '+359138512776'),
(921, 'Allyn', 'McGrail', 'amcgrailpk@mapquest.com', '+867267656310'),
(922, 'Johnathon', 'Cready', 'jcreadypl@microsoft.com', '+515419774054'),
(923, 'Avril', 'Leuchars', 'aleucharspm@craigslist.org', '+249254755145'),
(924, 'Germaine', 'Fishenden', 'gfishendenpn@pinterest.com', '+970495341452'),
(925, 'Vi', 'Letts', 'vlettspo@exblog.jp', '+868295763431'),
(926, 'Sibby', 'Belchem', 'sbelchempp@ustream.tv', '+332379893577'),
(927, 'Sarita', 'Corbet', 'scorbetpq@hud.gov', '+869823050315'),
(928, 'Marylin', 'Pochon', 'mpochonpr@chicagotribune.com', '+446458323391'),
(929, 'Christiane', 'Marcone', 'cmarconeps@xing.com', '+471011766160'),
(930, 'Joan', 'Creamen', 'jcreamenpt@hugedomains.com', '+863786421338'),
(931, 'Morrie', 'Dzeniskevich', 'mdzeniskevichpu@webmd.com', '+529176840444'),
(932, 'Arnaldo', 'Kiddell', 'akiddellpv@twitpic.com', '+79229967006'),
(933, 'Xever', 'Maris', 'xmarispw@si.edu', '+861207469835'),
(934, 'Darsie', 'Kettow', 'dkettowpx@hexun.com', '+622025439909'),
(935, 'Glad', 'Sammars', 'gsammarspy@pen.io', '+813228920026'),
(936, 'Sheryl', 'Eatock', 'seatockpz@google.pl', '+13027689389'),
(937, 'Sonja', 'O\'Growgane', 'sogrowganeq0@usa.gov', '+665271806464'),
(938, 'Dorolice', 'Vinnick', 'dvinnickq1@merriam-webster.com', '+628015505535'),
(939, 'Sully', 'Tomasini', 'stomasiniq2@bbc.co.uk', '+869171831665'),
(940, 'Marie', 'Park', 'mparkq3@google.com', '+551899035187'),
(941, 'Harlie', 'Tubridy', 'htubridyq4@nyu.edu', '+351937214438'),
(942, 'Honey', 'McGarvie', 'hmcgarvieq5@pen.io', '+862161406745'),
(943, 'Kirbie', 'Comazzo', 'kcomazzoq6@cloudflare.com', '+229662983248'),
(944, 'Mario', 'Peniello', 'mpenielloq7@disqus.com', '+256794450500'),
(945, 'Mufinella', 'Smeeth', 'msmeethq8@paginegialle.it', '+624966714879'),
(946, 'Hayley', 'Goscomb', 'hgoscombq9@jigsy.com', '+74518862575'),
(947, 'Archibold', 'Fairbanks', 'afairbanksqa@marketwatch.com', '+869097655953'),
(948, 'Joannes', 'Hattoe', 'jhattoeqb@seesaa.net', '+628933537983'),
(949, 'Dosi', 'Sitwell', 'dsitwellqc@wordpress.com', '+623388523917'),
(950, 'Taddeo', 'Colclough', 'tcolcloughqd@aol.com', '+598861803552'),
(951, 'Chester', 'Garatty', 'cgarattyqe@privacy.gov.au', '+669007325018'),
(952, 'Tailor', 'Braffington', 'tbraffingtonqf@army.mil', '+924024764978'),
(953, 'Reyna', 'Maiden', 'rmaidenqg@google.com.au', '+503432276394'),
(954, 'Larry', 'Mooring', 'lmooringqh@springer.com', '+370771414330'),
(955, 'Ravi', 'Carah', 'rcarahqi@example.com', '+967209604883'),
(956, 'Valentijn', 'Katt', 'vkattqj@stanford.edu', '+817439442378'),
(957, 'Ariela', 'Gowling', 'agowlingqk@businessinsider.com', '+12192029407'),
(958, 'Merle', 'Dunnion', 'mdunnionql@wired.com', '+387967129124'),
(959, 'Chandra', 'Renihan', 'crenihanqm@eventbrite.com', '+351370403482'),
(960, 'Gerri', 'Kidd', 'gkiddqn@tmall.com', '+633155923333'),
(961, 'Yorgo', 'Karoly', 'ykarolyqo@yellowpages.com', '+302658930628'),
(962, 'Caldwell', 'BoHlingolsen', 'cbohlingolsenqp@bloglines.com', '+664929643704'),
(963, 'Hermione', 'Trotter', 'htrotterqq@reverbnation.com', '+352668390766'),
(964, 'Holly-anne', 'Biford', 'hbifordqr@independent.co.uk', '+517857159397'),
(965, 'Joshia', 'Blenkensop', 'jblenkensopqs@newyorker.com', '+880544829257'),
(966, 'Alon', 'Askaw', 'aaskawqt@ovh.net', '+636887482354'),
(967, 'Augusto', 'Trasler', 'atraslerqu@bizjournals.com', '+868074070240'),
(968, 'Blakelee', 'Sabin', 'bsabinqv@drupal.org', '+628422493290'),
(969, 'Stanislas', 'Kerford', 'skerfordqw@europa.eu', '+467437778531'),
(970, 'Albertine', 'Forty', 'afortyqx@gnu.org', '+336059915641'),
(971, 'Dominique', 'Simonsson', 'dsimonssonqy@bing.com', '+75448001098'),
(972, 'Correna', 'Summers', 'csummersqz@mac.com', '+76463226139'),
(973, 'Noam', 'Glaze', 'nglazer0@washington.edu', '+518177664225'),
(974, 'Debee', 'Andrioni', 'dandrionir1@multiply.com', '+868136097827'),
(975, 'Bogart', 'Vlasov', 'bvlasovr2@cpanel.net', '+866247032444'),
(976, 'Blaire', 'Gaunt', 'bgauntr3@microsoft.com', '+553955023469'),
(977, 'Hube', 'Moff', 'hmoffr4@sfgate.com', '+13044358293'),
(978, 'Horst', 'Seagrave', 'hseagraver5@nydailynews.com', '+522581413108'),
(979, 'Neale', 'Swedeland', 'nswedelandr6@comcast.net', '+628608776897'),
(980, 'Jozef', 'Joll', 'jjollr7@hubpages.com', '+76237692003'),
(981, 'Kristofor', 'Redan', 'kredanr8@deviantart.com', '+633756663744'),
(982, 'Ram', 'Belchamber', 'rbelchamberr9@washington.edu', '+866685791294'),
(983, 'Morty', 'Andrieu', 'mandrieura@cbc.ca', '+628217825321'),
(984, 'Margarette', 'Dulling', 'mdullingrb@devhub.com', '+664743267238'),
(985, 'Chrisse', 'Henkens', 'chenkensrc@so-net.ne.jp', '+238304859711'),
(986, 'Mandie', 'Norgan', 'mnorganrd@indiegogo.com', '+77353795281'),
(987, 'Say', 'Alywin', 'salywinre@wikia.com', '+867262557407'),
(988, 'Simone', 'Cahalin', 'scahalinrf@macromedia.com', '+267835673967'),
(989, 'Finlay', 'Mauchline', 'fmauchlinerg@arizona.edu', '+380642143948'),
(990, 'Doreen', 'Mussalli', 'dmussallirh@livejournal.com', '+669101451814'),
(991, 'Samaria', 'Lott', 'slottri@washingtonpost.com', '+866011184654'),
(992, 'Bat', 'MacKaig', 'bmackaigrj@de.vu', '+636617429618'),
(993, 'Bax', 'Channer', 'bchannerrk@deviantart.com', '+371634121399'),
(994, 'Patience', 'Cranston', 'pcranstonrl@thetimes.co.uk', '+77934889573'),
(995, 'Gare', 'Pridding', 'gpriddingrm@is.gd', '+557903398024'),
(996, 'Mel', 'Trimming', 'mtrimmingrn@senate.gov', '+234655388866'),
(997, 'Carmita', 'Landes', 'clandesro@thetimes.co.uk', '+277318390754'),
(998, 'Perkin', 'Ham', 'phamrp@flavors.me', '+16177175883'),
(999, 'Hastie', 'Ivkovic', 'hivkovicrq@xrea.com', '+593958691657'),
(1000, 'Benoit', 'Keynes', 'bkeynesrr@harvard.edu', '+867232375677');

-- --------------------------------------------------------

--
-- Structure for view `summary`
--
DROP TABLE IF EXISTS `summary`;

DROP VIEW IF EXISTS `summary`;
CREATE ALGORITHM=UNDEFINED SQL SECURITY DEFINER VIEW `summary`  AS  select `users`.`user_id` AS `User's ID`,concat(`users`.`first_name`,' ',`users`.`last_name`) AS `User's fullname`,`users`.`email` AS `User's email`,`users`.`phone` AS `User's phone`,`cars`.`car_id` AS `Car's ID`,`cars`.`name` AS `Car's name`,`cars`.`day_price` AS `Car's day price`,`cars`.`image_name` AS `Car's image`,`car_rents`.`from` AS `Rented from`,`car_rents`.`to` AS `Rented to`,concat(((to_days(`car_rents`.`to`) - to_days(`car_rents`.`from`)) + 1),if((((to_days(`car_rents`.`to`) - to_days(`car_rents`.`from`)) + 1) > 1),if((((to_days(`car_rents`.`to`) - to_days(`car_rents`.`from`)) + 1) < 5),' dny',' dn'),' den')) AS `Rent length` from ((`car_rents` join `users` on((`car_rents`.`user_id` = `users`.`user_id`))) join `cars` on((`car_rents`.`car_id` = `cars`.`car_id`))) order by `users`.`user_id` ;

--
-- Indexes for dumped tables
--

--
-- Indexes for table `cars`
--
ALTER TABLE `cars`
  ADD PRIMARY KEY (`car_id`),
  ADD UNIQUE KEY `image_name_UNIQUE` (`image_name`),
  ADD UNIQUE KEY `name_UNIQUE` (`name`);

--
-- Indexes for table `car_rents`
--
ALTER TABLE `car_rents`
  ADD PRIMARY KEY (`user_id`,`car_id`),
  ADD KEY `fk_users_in_cars_cars1_idx` (`car_id`),
  ADD KEY `fk_users_in_cars_users_idx` (`user_id`);

--
-- Indexes for table `users`
--
ALTER TABLE `users`
  ADD PRIMARY KEY (`user_id`),
  ADD UNIQUE KEY `email_UNIQUE` (`email`),
  ADD UNIQUE KEY `phone_UNIQUE` (`phone`);

--
-- AUTO_INCREMENT for dumped tables
--

--
-- AUTO_INCREMENT for table `cars`
--
ALTER TABLE `cars`
  MODIFY `car_id` int(10) UNSIGNED NOT NULL AUTO_INCREMENT, AUTO_INCREMENT=36;

--
-- AUTO_INCREMENT for table `users`
--
ALTER TABLE `users`
  MODIFY `user_id` int(10) UNSIGNED NOT NULL AUTO_INCREMENT, AUTO_INCREMENT=1001;

--
-- Constraints for dumped tables
--

--
-- Constraints for table `car_rents`
--
ALTER TABLE `car_rents`
  ADD CONSTRAINT `fk_users_in_cars_cars1` FOREIGN KEY (`car_id`) REFERENCES `cars` (`car_id`) ON DELETE CASCADE ON UPDATE NO ACTION,
  ADD CONSTRAINT `fk_users_in_cars_users` FOREIGN KEY (`user_id`) REFERENCES `users` (`user_id`) ON DELETE CASCADE ON UPDATE NO ACTION;
COMMIT;

/*!40101 SET CHARACTER_SET_CLIENT=@OLD_CHARACTER_SET_CLIENT */;
/*!40101 SET CHARACTER_SET_RESULTS=@OLD_CHARACTER_SET_RESULTS */;
/*!40101 SET COLLATION_CONNECTION=@OLD_COLLATION_CONNECTION */;
